year,title,author1,author2,author3,author4,author5,author6,author7,author8,author9,author10,author11,author12,author13,author14,author15
2014,Transparency and Translucency.,Manish Singh 0001,,,,,,,,,,,,,,
2014,Image-Based Lighting.,Tien-Tsin Wong,,,,,,,,,,,,,,
2014,Surface Roughness.,Sylvia C. Pont,,,,,,,,,,,,,,
2014,Image Registration.,Daniel C. Alexander,,,,,,,,,,,,,,
2014,Subspace Methods.,Kazuhiro Fukui,,,,,,,,,,,,,,
2014,Multi-camera Human Action Recognition.,Gaurav Srivastava 0004,Johnny Park,Avinash C. Kak,Birgi Tamersoy,J. K. Aggarwal,,,,,,,,,,
2014,Iterative Closest Point (ICP).,Zhengyou Zhang,,,,,,,,,,,,,,
2014,Simulated Annealing.,Juergen Gall,,,,,,,,,,,,,,
2014,Projective Reconstruction.,Richard I. Hartley,,,,,,,,,,,,,,
2014,Machine Recognition of Objects.,Tomaso A. Poggio,Shimon Ullman,,,,,,,,,,,,,
2014,Photometric Invariants.,Todd E. Zickler,,,,,,,,,,,,,,
2014,Mirrors.,Jürgen Beyerer,,,,,,,,,,,,,,
2014,Reflectance Models.,Szymon Rusinkiewicz,,,,,,,,,,,,,,
2014,Multi-focus Images.,Amit K. Agrawal,,,,,,,,,,,,,,
2014,Active Calibration.,Rui Shen 0002,Gaopeng Gou,Irene Cheng 0001,Anup Basu,,,,,,,,,,,
2014,Texture Recognition.,Matti Pietikäinen,,,,,,,,,,,,,,
2014,Vignetting.,Amit K. Agrawal,,,,,,,,,,,,,,
2014,Photometric Stereo.,Ronen Basri,,,,,,,,,,,,,,
2014,Dense Reconstruction.,Christopher Zach,,,,,,,,,,,,,,
2014,Osculating Paraboloids.,Jan J. Koenderink,,,,,,,,,,,,,,
2014,Intrinsic Images.,Marshall F. Tappen,,,,,,,,,,,,,,
2014,Blur Estimation.,Yu-Wing Tai,,,,,,,,,,,,,,
2014,Light Field.,Shing-Chow Chan,,,,,,,,,,,,,,
2014,Fisheye Lens.,Peter F. Sturm,,,,,,,,,,,,,,
2014,Shock Graph.,Sven J. Dickinson,Ali Shokoufandeh,Kaleem Siddiqi,,,,,,,,,,,,
2014,Histogram.,Ying Nian Wu,,,,,,,,,,,,,,
2014,Lambertian Reflectance.,Sanjeev J. Koppal,,,,,,,,,,,,,,
2014,Fundamental Matrix.,Zhengyou Zhang,,,,,,,,,,,,,,
2014,Gamut Mapping.,Rajeev Ramanath,Mark S. Drew,,,,,,,,,,,,,
2014,Saturation (Imaging).,Samuel W. Hasinoff,,,,,,,,,,,,,,
2014,Color Model.,Shoji Tominaga,,,,,,,,,,,,,,
2014,Face Identification.,Xiaogang Wang 0001,,,,,,,,,,,,,,
2014,Cognitive Vision.,David Vernon,,,,,,,,,,,,,,
2014,Cross Entropy.,Ying Nian Wu,,,,,,,,,,,,,,
2014,Color Spaces.,Rajeev Ramanath,Mark S. Drew,,,,,,,,,,,,,
2014,"Specularity, Specular Reflectance.",Robby T. Tan,,,,,,,,,,,,,,
2014,Scale Selection.,Tony Lindeberg,,,,,,,,,,,,,,
2014,Visual Cognition.,David Vernon,,,,,,,,,,,,,,
2014,Description Logics.,Bernd Neumann,,,,,,,,,,,,,,
2014,Motion Blur.,Neel Joshi,,,,,,,,,,,,,,
2014,Depth Estimation.,Reinhard Koch,,,,,,,,,,,,,,
2014,Exploration: Simultaneous Localization and Mapping (SLAM).,Samunda Perera,Nick Barnes,Alexander Zelinsky,,,,,,,,,,,,
2014,Radiance.,Fabian Langguth,Michael Goesele,,,,,,,,,,,,,
2014,Affordances and Action Recognition.,James Bonaiuto,,,,,,,,,,,,,,
2014,"Camera Parameters (Intrinsic, Extrinsic).",Zhengyou Zhang,,,,,,,,,,,,,,
2014,Planckian Locus.,Rajeev Ramanath,Mark S. Drew,,,,,,,,,,,,,
2014,Statistical Independence.,Ying Nian Wu,,,,,,,,,,,,,,
2014,Factorization.,Hanno Ackermann,,,,,,,,,,,,,,
2014,Visual Servoing.,François Chaumette,,,,,,,,,,,,,,
2014,Affine Projection.,Zhengyou Zhang,,,,,,,,,,,,,,
2014,Statistical Shape Analysis.,Anuj Srivastava,Sebastian Kurtek,Eric Klassen,,,,,,,,,,,,
2014,Corner Detection.,Michael Maire,,,,,,,,,,,,,,
2014,Dimensionality Reduction.,Eisaku Maeda,,,,,,,,,,,,,,
2014,Polarized Light in Computer Vision.,Gary A. Atkinson,,,,,,,,,,,,,,
2014,Cognitive System.,David Vernon,,,,,,,,,,,,,,
2014,Differential Geometry of Surfaces in Three-Dimensional Euclidean Space.,Jan J. Koenderink,,,,,,,,,,,,,,
2014,Mobile Observers.,Jan-Olof Eklundh,,,,,,,,,,,,,,
2014,Image-Based Modeling.,Ping Tan,,,,,,,,,,,,,,
2014,Inpainting.,Marcelo Bertalmío,Vicent Caselles,Simon Masnou,Guillermo Sapiro,,,,,,,,,,,
2014,Image Enhancement and Restoration.,Guoshen Yu,Guillermo Sapiro,,,,,,,,,,,,,
2014,Euclidean Geometry.,Gunnar Sparr,,,,,,,,,,,,,,
2014,Linear Programming.,Kazuo Murota,,,,,,,,,,,,,,
2014,Image Decompositions.,Marshall F. Tappen,,,,,,,,,,,,,,
2014,Shape from Silhouette.,David C. Schneider,,,,,,,,,,,,,,
2014,Sparse Coding.,John Wright 0001,,,,,,,,,,,,,,
2014,Catadioptric Camera.,Srikumar Ramalingam,,,,,,,,,,,,,,
2014,Object Detection.,Yali Amit,Pedro F. Felzenszwalb,,,,,,,,,,,,,
2014,Gait Recognition.,Darko S. Matovski,Mark S. Nixon,John N. Carter,,,,,,,,,,,,
2014,Calibration of a Non-single Viewpoint System.,Peter F. Sturm,,,,,,,,,,,,,,
2014,Maximum Likelihood Estimation.,Thomas Brox,,,,,,,,,,,,,,
2014,Perspective Transformation.,Zhengyou Zhang,,,,,,,,,,,,,,
2014,Occlusion Handling.,Rodrigo Benenson,,,,,,,,,,,,,,
2014,Shape from Specularities.,Silvio Savarese,,,,,,,,,,,,,,
2014,Discriminative Random Fields.,Sanjiv Kumar,,,,,,,,,,,,,,
2014,Gesture Recognition.,Matthew Turk 0001,,,,,,,,,,,,,,
2014,Kinematic Motion Models.,Christoph Bregler,,,,,,,,,,,,,,
2014,Fluorescent Lighting.,Stephen Lin 0001,,,,,,,,,,,,,,
2014,Field of View.,Srikumar Ramalingam,,,,,,,,,,,,,,
2014,Image Plane.,Peter F. Sturm,,,,,,,,,,,,,,
2014,Deblurring.,Yu-Wing Tai,,,,,,,,,,,,,,
2014,Video Mosaicing.,Zhigang Zhu,,,,,,,,,,,,,,
2014,Intrinsics.,Zhengyou Zhang,,,,,,,,,,,,,,
2014,Bas-Relief Ambiguity.,Manmohan Chandraker,,,,,,,,,,,,,,
2014,Semantic Image Segmentation.,Jamie Shotton,Pushmeet Kohli,,,,,,,,,,,,,
2014,"Photon, Poisson Noise.",Samuel W. Hasinoff,,,,,,,,,,,,,,
2014,Swendsen-Wang Cut Algorithm.,Adrian Barbu,,,,,,,,,,,,,,
2014,Line Drawing Labeling.,Kokichi Sugihara,,,,,,,,,,,,,,
2014,Recovery of Reflectance Properties.,Jason Lawrence,,,,,,,,,,,,,,
2014,Model-Based Object Recognition.,Min Sun 0001,Silvio Savarese,,,,,,,,,,,,,
2014,Boundary Detection.,Xiaofeng Ren,,,,,,,,,,,,,,
2014,"Geodesics, Distance Maps, and Curve Evolution.",Ron Kimmel,,,,,,,,,,,,,,
2014,Bidirectional Texture Function and 3D Texture.,Kristin J. Dana,,,,,,,,,,,,,,
2014,Blind Deconvolution.,Tom E. Bishop,Paolo Favaro,,,,,,,,,,,,,
2014,Geometric Calibration.,Zhengyou Zhang,,,,,,,,,,,,,,
2014,Digitization.,Peer Stelldinger,Longin Jan Latecki,,,,,,,,,,,,,
2014,Computational Symmetry.,Yanxi Liu 0001,,,,,,,,,,,,,,
2014,Affine Invariants.,Michael Werman,,,,,,,,,,,,,,
2014,Lens Flare and Lens Glare.,Dikpal Reddy,Ashok Veeraraghavan,,,,,,,,,,,,,
2014,High-Performance Computing in Computer Vision.,Guna Seetharaman,,,,,,,,,,,,,,
2014,Compressive Sensing.,Aswin C. Sankaranarayanan,Richard G. Baraniuk,,,,,,,,,,,,,
2014,Shape from Shadows.,Pascal Mamassian,,,,,,,,,,,,,,
2014,Affine Registration.,Kevin Köser,,,,,,,,,,,,,,
2014,Many-to-Many Graph Matching.,M. Fatih Demirci,Ali Shokoufandeh,Sven J. Dickinson,,,,,,,,,,,,
2014,Calibration of Radiometric Falloff (Vignetting).,Stephen Lin 0001,,,,,,,,,,,,,,
2014,Transparent Layers.,Yanghai Tsin,,,,,,,,,,,,,,
2014,Expectation Maximization Algorithm.,Boris Flach,Václav Hlavác,,,,,,,,,,,,,
2014,Matte Extraction.,Jiaya Jia,,,,,,,,,,,,,,
2014,Rigid Registration.,Yonghuai Liu,Ralph R. Martin,Liang Chen 0012,Xuejun Ren,Longzhuang Li,,,,,,,,,,
2014,Data Augmentation.,Ying Nian Wu,,,,,,,,,,,,,,
2014,Camera Extrinsic Parameters.,Zhengyou Zhang,,,,,,,,,,,,,,
2014,Geons.,Sven J. Dickinson,Irving Biederman,,,,,,,,,,,,,
2014,Shape from Scatter.,Mohit Gupta 0001,,,,,,,,,,,,,,
2014,Cook-Torrance Model.,Abhijeet Ghosh,,,,,,,,,,,,,,
2014,Dynamic Programming.,Boris Flach,Václav Hlavác,,,,,,,,,,,,,
2014,Camera Calibration.,Zhengyou Zhang,,,,,,,,,,,,,,
2014,Algebraic Surface.,Bo Zheng,,,,,,,,,,,,,,
2014,Visual Cortex Models for Object Recognition.,Tomaso A. Poggio,Shimon Ullman,,,,,,,,,,,,,
2014,Projection.,Zhengyou Zhang,,,,,,,,,,,,,,
2014,Appearance-Based Human Tracking.,Bohyung Han,,,,,,,,,,,,,,
2014,Appearance-Based Human Detection.,William Robson Schwartz,,,,,,,,,,,,,,
2014,Image Stitching.,Matthew Brown 0001,,,,,,,,,,,,,,
2014,Wide Baseline Matching.,Tinne Tuytelaars,,,,,,,,,,,,,,
2014,Video Retrieval.,Cees G. M. Snoek,Arnold W. M. Smeulders,,,,,,,,,,,,,
2014,Ellipse Fitting.,Zhi-Yong Liu 0001,,,,,,,,,,,,,,
2014,Epipolar Geometry.,Zhengyou Zhang,,,,,,,,,,,,,,
2014,Numerical Methods in Curve Evolution Theory.,Peter Karasev,Ivan Kolesov,Allen R. Tannenbaum,,,,,,,,,,,,
2014,Essential Matrix.,Zhengyou Zhang,,,,,,,,,,,,,,
2014,Optimal Estimation.,Kenichi Kanatani,,,,,,,,,,,,,,
2014,Curves in Euclidean Three-Space.,Jan J. Koenderink,,,,,,,,,,,,,,
2014,Asperity Scattering.,Sylvia C. Pont,,,,,,,,,,,,,,
2014,Eight-Point Algorithm.,Zhengyou Zhang,,,,,,,,,,,,,,
2014,Parametric Surface.,Bo Zheng,,,,,,,,,,,,,,
2014,Depth Distortion.,Zhengyou Zhang,,,,,,,,,,,,,,
2014,Phong Reflectance Model.,Ping Tan,,,,,,,,,,,,,,
2014,Camera Model.,Zhengyou Zhang,,,,,,,,,,,,,,
2014,Denoising.,Francisco J. Estrada,,,,,,,,,,,,,,
2014,Human Pose Estimation.,Leonid Sigal,,,,,,,,,,,,,,
2014,Omnidirectional Vision.,Peter F. Sturm,,,,,,,,,,,,,,
2014,Variational Analysis.,Bastian Goldluecke,,,,,,,,,,,,,,
2014,Fresnel Equations.,Daisuke Miyazaki,,,,,,,,,,,,,,
2014,Standard Illuminants.,Rajeev Ramanath,Mark S. Drew,,,,,,,,,,,,,
2014,Edge Detection.,James H. Elder,,,,,,,,,,,,,,
2014,Data Fusion.,Ramanarayanan Viswanathan 0002,,,,,,,,,,,,,,
2014,Occlusion Detection.,Rodrigo Benenson,,,,,,,,,,,,,,
2014,AdaBoost.,Paolo Favaro,Andrea Vedaldi,,,,,,,,,,,,,
2014,Eigenspace Methods.,Tomokazu Takahashi,Hiroshi Murase,,,,,,,,,,,,,
2014,Calibration.,Zhengyou Zhang,,,,,,,,,,,,,,
2014,Interreflections.,Michael S. Langer,,,,,,,,,,,,,,
2014,Diffuse Reflectance.,Sanjeev J. Koppal,,,,,,,,,,,,,,
2014,Projection Transformation.,Zhengyou Zhang,,,,,,,,,,,,,,
2014,Swendsen-Wang Algorithm.,Adrian Barbu,,,,,,,,,,,,,,
2014,Parametric Curve.,Bo Zheng,,,,,,,,,,,,,,
2014,Situation Graph Trees.,Christian Micheloni,Gian Luca Foresti,,,,,,,,,,,,,
2014,Change Detection.,Joseph L. Mundy,,,,,,,,,,,,,,
2014,Diffusion Filtering.,Thomas Brox,,,,,,,,,,,,,,
2014,White Balance.,Rajeev Ramanath,Mark S. Drew,,,,,,,,,,,,,
2014,Epipolar Constraint.,Zhengyou Zhang,,,,,,,,,,,,,,
2014,Oren-Nayar Reflectance Model.,Ping Tan,,,,,,,,,,,,,,
2014,Optical Flow.,Thomas Brox,,,,,,,,,,,,,,
2014,Visual Hull.,David C. Schneider,,,,,,,,,,,,,,
2014,Dichromatic Reflection Model.,Shoji Tominaga,,,,,,,,,,,,,,
2014,Interactive Segmentation.,Yuri Boykov,,,,,,,,,,,,,,
2014,Generic Object Recognition.,Svetlana Lazebnik,,,,,,,,,,,,,,
2014,Perspective Camera.,Zhengyou Zhang,,,,,,,,,,,,,,
2014,Plane Sweeping.,David Gallup,Marc Pollefeys,,,,,,,,,,,,,
2014,Splines.,Bo Zheng,,,,,,,,,,,,,,
2014,Isotropic Differential Geometry in Graph Spaces.,Jan J. Koenderink,,,,,,,,,,,,,,
2014,Irradiance.,Fabian Langguth,Michael Goesele,,,,,,,,,,,,,
2014,Lumigraph.,Michael F. Cohen,Richard Szeliski,,,,,,,,,,,,,
2014,Defocus Blur.,Neel Joshi,,,,,,,,,,,,,,
2014,Penumbra and Umbra.,Rajeev Ramanath,Mark S. Drew,,,,,,,,,,,,,
2014,Pinhole Camera Model.,Peter F. Sturm,,,,,,,,,,,,,,
2014,Subpixel Estimation.,Robert B. Fisher,,,,,,,,,,,,,,
2014,Three Dimensional Shape Descriptor.,Federico Tombari,,,,,,,,,,,,,,
2014,Evolution of Robotic Heads.,Michael R. M. Jenkin,,,,,,,,,,,,,,
2014,Kalman Filter.,Gregory F. Welch,,,,,,,,,,,,,,
2014,Semidefinite Programming.,Chunhua Shen,Anton van den Hengel,,,,,,,,,,,,,
2014,Retinex Theory.,Micah K. Johnson,,,,,,,,,,,,,,
2014,Dehazing and Defogging.,Robby T. Tan,,,,,,,,,,,,,,
2014,Geometric Algebra.,Leo Dorst,,,,,,,,,,,,,,
2014,Obstacle Detection.,Larry H. Matthies,,,,,,,,,,,,,,
2014,Spatiotemporal Reasoning.,David Young,,,,,,,,,,,,,,
2014,Algebraic Curve.,Bo Zheng,,,,,,,,,,,,,,
2014,Retroreflection.,Sylvia C. Pont,,,,,,,,,,,,,,
2014,Center of Projection.,Srikumar Ramalingam,,,,,,,,,,,,,,
2014,Fisher-Rao Metric.,Stephen J. Maybank,,,,,,,,,,,,,,
2014,Inverse Compositional Algorithm.,Simon Baker,,,,,,,,,,,,,,
2014,Sensor Fusion.,Pramod K. Varshney,,,,,,,,,,,,,,
2014,Multiview Stereo.,Sudipta N. Sinha,,,,,,,,,,,,,,
2014,Focal Length.,Peter F. Sturm,,,,,,,,,,,,,,
2014,Polarizer.,Daisuke Miyazaki,,,,,,,,,,,,,,
2014,Multi-baseline Stereo.,David Gallup,,,,,,,,,,,,,,
2014,Three Dimensional View Integration.,Denis Laurendeau,,,,,,,,,,,,,,
2014,Photo-Consistency.,Yasutaka Furukawa,,,,,,,,,,,,,,
2014,Reference Plane.,Zhengyou Zhang,,,,,,,,,,,,,,
2014,Activity Recognition.,Wanqing Li 0001,Zicheng Liu 0001,Zhengyou Zhang,,,,,,,,,,,,
2014,Underwater Effects.,Frank M. Caimi,,,,,,,,,,,,,,
2014,Variational Method.,Bastian Goldluecke,,,,,,,,,,,,,,
2014,Weakly Supervised Learning.,Lorenzo Torresani,,,,,,,,,,,,,,
2014,Radiometric Response Function.,Yasuyuki Matsushita,,,,,,,,,,,,,,
2014,Multiplexed Illumination.,Marina Alterman,,,,,,,,,,,,,,
2014,Descattering.,Tali Treibitz,,,,,,,,,,,,,,
2014,Motion Capture.,Nils Hasler,,,,,,,,,,,,,,
2014,Active Stereo Vision.,Andrew Hogue,Michael R. M. Jenkin,,,,,,,,,,,,,
2014,Omnidirectional Camera.,Davide Scaramuzza 0001,,,,,,,,,,,,,,
2014,Robust Methods.,Peter Meer,Sushil Mittal,,,,,,,,,,,,,
2014,Plenoptic Function.,Shing-Chow Chan,,,,,,,,,,,,,,
2014,Incident Light Measurement.,Stephen Lin 0001,,,,,,,,,,,,,,
2014,Camera Pose.,Zhengyou Zhang,,,,,,,,,,,,,,
2014,Image-Based Rendering.,Shing-Chow Chan,,,,,,,,,,,,,,
2014,Linguistic Techniques for Event Recognition.,Vlad I. Morariu,,,,,,,,,,,,,,
2014,Face Modeling.,Zicheng Liu 0001,Zhengyou Zhang,,,,,,,,,,,,,
2014,View and Rate-Invariant Human Action Recognition.,Vasu Parameswaran,Ashok Veeraraghavan,,,,,,,,,,,,,
2014,Color Similarity.,Takahiko Horiuchi,Shoji Tominaga,,,,,,,,,,,,,
2014,Hand-Eye Calibration.,Songde Ma,Zhanyi Hu,,,,,,,,,,,,,
2014,Blackbody Radiation.,Rajeev Ramanath,Mark S. Drew,,,,,,,,,,,,,
2014,Active Sensor (Eye) Movement Control.,James J. Clark,,,,,,,,,,,,,,
2014,Curvature.,Takayuki Okatani,,,,,,,,,,,,,,
2014,Photogrammetry.,Konrad Schindler,Wolfgang Förstner,,,,,,,,,,,,,
2014,Viscosity Solution.,Fabio Camilli,Emmanuel Prados,,,,,,,,,,,,,
2014,Total Variation.,Bastian Goldluecke,,,,,,,,,,,,,,
2014,von Kries Hypothesis.,Rajeev Ramanath,Mark S. Drew,,,,,,,,,,,,,
2014,Stochastic Partial Differential Equations.,Annika Lang,,,,,,,,,,,,,,
2014,Gradient Vector Flow.,Chenyang Xu 0001,Jerry L. Prince,,,,,,,,,,,,,
2014,Rationale for Computational Vision.,Ruzena Bajcsy,,,,,,,,,,,,,,
2014,Radiometric Calibration.,Yasuyuki Matsushita,,,,,,,,,,,,,,
2014,Pan-Tilt-Zoom (PTZ) Camera.,Sudipta N. Sinha,,,,,,,,,,,,,,
2014,Extended Gaussian Image (EGI).,Sing Bing Kang,Berthold K. P. Horn,,,,,,,,,,,,,
2014,Opacity.,Ivo Ihrke,,,,,,,,,,,,,,
2014,Calibration of Projective Cameras.,Zhengyou Zhang,,,,,,,,,,,,,,
2014,Animat Vision.,Dana H. Ballard,,,,,,,,,,,,,,
2014,Object Class Recognition (Categorization).,Svetlana Lazebnik,,,,,,,,,,,,,,
2014,Color Constancy.,Marc Ebner,,,,,,,,,,,,,,
2014,Prototype-Based Methods for Human Movement Modeling.,Zhe Lin 0001,Zhuolin Jiang,Larry S. Davis,,,,,,,,,,,,
2014,Polarization.,Gary A. Atkinson,,,,,,,,,,,,,,
2014,Optical Axis.,Peter F. Sturm,,,,,,,,,,,,,,
2014,Principal Component Analysis (PCA).,Takio Kurita,,,,,,,,,,,,,,
2014,Reflectance Map.,Robert J. Woodham,,,,,,,,,,,,,,
2014,Feature Selection.,Rama Chellappa,Pavan K. Turaga,,,,,,,,,,,,,
2014,Trichromatic Theory.,Michael H. Brill,,,,,,,,,,,,,,
2014,Weak Perspective Projection.,Zhengyou Zhang,,,,,,,,,,,,,,
2014,"Lens Distortion, Radial Distortion.",Visesh Chari,Ashok Veeraraghavan,,,,,,,,,,,,,
2014,Affine Camera.,Zhengyou Zhang,,,,,,,,,,,,,,
2014,Differential Invariants.,Isaac Weiss,,,,,,,,,,,,,,
2014,"Illumination Estimation, Illuminant Estimation.",Stephen Lin 0001,,,,,,,,,,,,,,
2014,Chromaticity.,Michael H. Brill,,,,,,,,,,,,,,
2014,Calibration of Multi-camera Setups.,Jun-Sik Kim 0001,,,,,,,,,,,,,,
2014,Population Encoding/Decoding.,Wilson Truccolo,,,,,,,,,,,,,,
2014,Vestibular Eye Movement Testing.,Ian S. Curthoys,Hamish G. MacDougall,,,,,,,,,,,,,
2014,"Vestibular Prosthesis, Interface.",Chenkai Dai,Charles C. Della Santina,,,,,,,,,,,,,
2014,Anatomy and Physiology of the Mammalian Auditory System.,Manuel S. Malmierca,,,,,,,,,,,,,,
2014,"Signaling Pathways, Modeling of.",Jeanette Hellgren Kotaleski,,,,,,,,,,,,,,
2014,BrainInfo.,Douglas M. Bowden,,,,,,,,,,,,,,
2014,Biophysics of Adaptation in a Computational Model of the Leech T Neuron.,Raúl Guantes,Sara Arganda,Gonzalo G. de Polavieja,,,,,,,,,,,,
2014,Physiome Repository.,Tommy Yu,Randall D. Britten,David P. Nickerson,Peter J. Hunter,Poul M. F. Nielsen,,,,,,,,,,
2014,Synthetic Neuronal Morphology.,Benjamin Torben-Nielsen,,,,,,,,,,,,,,
2014,Multistability Arising from Synaptic Dynamics.,Amitabha Bose,Farzan Nadim,,,,,,,,,,,,,
2014,Central Vestibular Signal Processing.,Rebecca Lim,Thomas P. Wellings,Alan M. Brichta,,,,,,,,,,,,
2014,Metabotropic Receptors (G Protein-Coupled Receptors).,Tamara Kinzer-Ursem,,,,,,,,,,,,,,
2014,Amari Model.,Roland Potthast,,,,,,,,,,,,,,
2014,Retinal Neurophysiology.,John W. Morley,Morven A. Cameron,,,,,,,,,,,,,
2014,Brain Ischemia and Stroke.,Samuel A. Neymotin,Zachary Taxin,Ashutosh Mohan,Peter Lipton,,,,,,,,,,,
2014,Invertebrate Pattern Generation: Overview.,Farzan Nadim,,,,,,,,,,,,,,
2014,Local Field Potentials (LFP).,Alain Destexhe,Claude Bédard,,,,,,,,,,,,,
2014,"Electrophysiology Analysis, Bayesian.",Jakob H. Macke,,,,,,,,,,,,,,
2014,Jansen-Rit Model.,Thomas R. Knösche,,,,,,,,,,,,,,
2014,Local Field Potential and Deep Brain Stimulation (DBS).,Manuela Rosa,Sara Marceglia,Sergio Barbieri,Alberto Priori,,,,,,,,,,,
2014,Connectivity Analysis in Normal and Pathological Brains.,Claus C. Hilgetag,,,,,,,,,,,,,,
2014,Significance Evaluation.,Matthew T. Harrison,,,,,,,,,,,,,,
2014,NeuroML.,Sharon M. Crook,Padraig Gleeson,Robert C. Cannon,Michael Vella,Angus Silver,,,,,,,,,,
2014,Tactile Sensing in Insects.,Volker Dürr,André Frank Krause,,,,,,,,,,,,,
2014,Predictive Coding.,Michael W. Spratling,,,,,,,,,,,,,,
2014,Spinal Stimulation for Parkinson Treatment.,Romulo Fuentes,,,,,,,,,,,,,,
2014,Q10: The Effect of Temperature on Ion Channel Kinetics.,David C. Sterratt,,,,,,,,,,,,,,
2014,Hebbian Learning.,Yoonsuck Choe,,,,,,,,,,,,,,
2014,Digital Filtering.,Roemer van der Meij,Jan-Mathijs Schoffelen,,,,,,,,,,,,,
2014,Voltage-Clamp Technique.,Thomas Nowotny,Rafael Levi,,,,,,,,,,,,,
2014,Nernst-Planck Equation.,Reinoud Maex,,,,,,,,,,,,,,
2014,Neuromorphic Engineering: Overview.,Sylvie Renaud,,,,,,,,,,,,,,
2014,"Bifurcations, Neural Population Models and.",Thomas R. Knösche,,,,,,,,,,,,,,
2014,Functional Neuroscience: Cortical Control of Limb Prosthesis.,Amy L. Orsborn,Jose M. Carmena,,,,,,,,,,,,,
2014,Accumulation of Evidence in Decision Making.,Alexander C. Huk,Leor N. Katz,Jacob L. Yates,,,,,,,,,,,,
2014,Synaptic Connectivity in Neural Population Models.,Viktor K. Jirsa,,,,,,,,,,,,,,
2014,Cable Equation.,William R. Holmes,,,,,,,,,,,,,,
2014,"Visual Prosthesis, Epiretinal Devices.",James D. Weiland,,,,,,,,,,,,,,
2014,"Brainstem Motoneurons, Models of.",Marc D. Binder,,,,,,,,,,,,,,
2014,Stability and Homeostasis in Small Network Central Pattern Generators.,Jorge Golowasch,,,,,,,,,,,,,,
2014,Functional Network Observations of Diseased Brain States.,Grant M. Fiddyment,Stefania Sokolowski,Mark Kramer,,,,,,,,,,,,
2014,Computational Model-Based Development of Novel Stimulation Algorithms.,Oleksandr V. Popovych,Peter Alexander Tass,,,,,,,,,,,,,
2014,Pain Processing Pathway Models.,Steven A. Prescott,,,,,,,,,,,,,,
2014,Multiscale Brain Connectivity.,Tristan T. Nakagawa,Gustavo Deco,,,,,,,,,,,,,
2014,Epilepsy: Abnormal Ion Channels.,Tara Klassen,,,,,,,,,,,,,,
2014,Computation with Serotonergic Modulation.,Matthew Lewis,,,,,,,,,,,,,,
2014,High-Voltage-Activated Calcium Channels.,Sergio M. G. Solinas,Stefano Masoli,Sathyaa Subramaniyam,,,,,,,,,,,,
2014,"Neuropharmacological Modeling, Pharmacogenomics and Ion Channel Modulation.",Tara Klassen,Tim T. Chen,,,,,,,,,,,,,
2014,Computational Models of Deep Brain Stimulation (DBS).,Jonathan Rubin,Cameron C. McIntyre,,,,,,,,,,,,,
2014,"Sleep, Neural Population Models of.",Andrew J. K. Phillips,,,,,,,,,,,,,,
2014,Visual Motion Detection in Drosophila.,Alexander Borst,,,,,,,,,,,,,,
2014,General Overview of Spinal Anatomy and Physiology Organization.,Marion Murray,,,,,,,,,,,,,,
2014,Optic Flow Processing.,Holger G. Krapp,,,,,,,,,,,,,,
2014,"Epilepsy, Neural Population Models of.",Fabrice Wendling,Behnam Molaee-Ardekani,,,,,,,,,,,,,
2014,Neural Decoding.,Islam S. Badreldin,Karim G. Oweiss,,,,,,,,,,,,,
2014,"Visual Prosthesis, Suprachoroidal, and Trans-retinal Devices.",Gregg J. Suaning,,,,,,,,,,,,,,
2014,Finite Element Modeling of Electrical Stimulation Using Microelectrodes.,Sébastien Joucla,Blaise Yvert,,,,,,,,,,,,,
2014,"Retinal/Visual Interfaces (Models, Theory, Techniques): Overview.",Nigel H. Lovell,,,,,,,,,,,,,,
2014,Somatosensory Prosthesis.,Sliman J. Bensmaia,,,,,,,,,,,,,,
2014,Spike Train Analysis: Overview.,Sonja Grün,,,,,,,,,,,,,,
2014,"Calcium Release, Models of.",Geneviève Dupont,,,,,,,,,,,,,,
2014,"Local Field Potential, Relationship to Unit Activity.",Bartosz Telenczuk,Alain Destexhe,,,,,,,,,,,,,
2014,Current Source Density (CSD) Analysis.,Daniel K. Wójcik,,,,,,,,,,,,,,
2014,Surrogate Data for Evaluation of Spike Correlation.,Sonja Grün,,,,,,,,,,,,,,
2014,Dynamical Systems: Overview.,Alla Borisyuk,,,,,,,,,,,,,,
2014,Multistability: Stopping Events with Single Pulses.,Ivan Osorio,,,,,,,,,,,,,,
2014,Neuronal Population Vector.,Margaret Y. Mahan,Apostolos P. Georgopoulos,,,,,,,,,,,,,
2014,Modeling of Enzyme Kinetics.,Kim T. Blackwell,,,,,,,,,,,,,,
2014,Reinforcement Learning in Cortical Networks.,Walter Senn,Jean-Pascal Pfister,,,,,,,,,,,,,
2014,Intraspinal Stimulation.,Michel Lemay,Simon F. Giszter,,,,,,,,,,,,,
2014,Peripheral Nerve Interface Applications: Neuropathic Pain.,Narendra Bhadra,,,,,,,,,,,,,,
2014,Bifurcations Dynamics of Single Neurons and Small Networks.,Amitabha Bose,,,,,,,,,,,,,,
2014,Bayesian Inference with Spiking Neurons.,Sophie Denève,,,,,,,,,,,,,,
2014,Forward and Inverse Problems of MEG/EEG.,Sylvain Baillet,,,,,,,,,,,,,,
2014,"Sensory Coding, Efficiency.",Franz Weber,Christian K. Machens,,,,,,,,,,,,,
2014,Sensory Input to Central Pattern Generators.,Wolfgang Stein,,,,,,,,,,,,,,
2014,"Behavioural Analysis, Bayesian.",Samuel J. Gershman,,,,,,,,,,,,,,
2014,Endocrine Cell Function and Dysfunction.,Richard Bertram,,,,,,,,,,,,,,
2014,"Peripheral Nerve Interface Applications, Obesity.",Mitchell Roslin,Andrew Brownlee,,,,,,,,,,,,,
2014,Directed Spectral Methods.,Adam B. Barrett,Anil K. Seth,,,,,,,,,,,,,
2014,Masking and Masking Release.,Andrew J. Oxenham,,,,,,,,,,,,,,
2014,Dynamics of Disease States: Overview.,John Milton,,,,,,,,,,,,,,
2014,"Decision Making, Threshold.",Paul Miller 0001,,,,,,,,,,,,,,
2014,neuroConstruct.,Padraig Gleeson,,,,,,,,,,,,,,
2014,Biomechanical Model of Low Back Pain.,Beth Winkelstein,Nicolas Jaumard,,,,,,,,,,,,,
2014,Deep Cerebellar Nuclei.,Dana Cohen 0001,,,,,,,,,,,,,,
2014,"Deep Brain Stimulation (Models, Theory, Techniques): Overview.",Peter Alexander Tass,Christian Hauptmann,,,,,,,,,,,,,
2014,Spectro-Temporal Receptive Fields.,Shihab Shamma,,,,,,,,,,,,,,
2014,Tempotron Learning.,Robert Gütig,Haim Sompolinsky,,,,,,,,,,,,,
2014,Insect Olfaction: A Model System for Neural Circuit Modeling.,Nitin Gupta 0002,Mark Stopfer,,,,,,,,,,,,,
2014,Peripheral Nerve Stimulation Technique: Nerve Block.,D. Michael Ackermann Jr.,Niloy Bhadra,,,,,,,,,,,,,
2014,Markov Models of Ion Channels.,Daniele Linaro,Michele Giugliano,,,,,,,,,,,,,
2014,Invertebrate Sensory Systems: Overview.,Fabrizio Gabbiani,,,,,,,,,,,,,,
2014,Retinal Disease and Remodeling.,Robert E. Marc,,,,,,,,,,,,,,
2014,"Gap Junctions, Neural Population Models and.",Moira L. Steyn-Ross,D. Alistair Steyn-Ross,Jamie W. Sleigh,,,,,,,,,,,,
2014,"Long-Term Plasticity, Biophysical Models.",Claudia Clopath,,,,,,,,,,,,,,
2014,Vision Prosthesis.,James D. Weiland,,,,,,,,,,,,,,
2014,Proprioception.,Gregg Tabot,,,,,,,,,,,,,,
2014,Hybrid Parameter Optimization Methods.,Werner Van Geit,,,,,,,,,,,,,,
2014,Spike-Frequency Adaptation.,Jan Benda,Joël Tabak,,,,,,,,,,,,,
2014,Independent Component Analysis of Images.,Aapo Hyvärinen,,,,,,,,,,,,,,
2014,Neuronal Parameter Sensitivity.,A. V. Olifer,,,,,,,,,,,,,,
2014,Collations of Connectivity Data on the Macaque Brain (CoCoMac).,Rembrandt Bakker,Markus Diesmann,,,,,,,,,,,,,
2014,Subthalamic Nucleus Cellular Models.,Charles J. Wilson,Michael A. Farries,,,,,,,,,,,,,
2014,"Theta, Gamma, and Cross-Frequency Coupling in the Hippocampus.",Jesse Jackson,,,,,,,,,,,,,,
2014,Peripheral Nerve Models.,Matthew A. Schiefer,,,,,,,,,,,,,,
2014,Modeling Cerebellar Learning: Input Minimization.,Thomas J. Anastasio,,,,,,,,,,,,,,
2014,"Neural Field Model, Continuum.",Axel Hutt,,,,,,,,,,,,,,
2014,"Neuromorphic Sensors, Cochlea.",Shih-Chii Liu,André van Schaik,,,,,,,,,,,,,
2014,Olfactory Computation in Mitral-Granule Cell Circuits.,Michele Migliore,Thomas S. McTavish,,,,,,,,,,,,,
2014,Biophysical Models of Olfactory Mitral and Granule Cells.,Guo-Shi Li,,,,,,,,,,,,,,
2014,Somatosensory System: Overview.,Sliman Bensmaia,,,,,,,,,,,,,,
2014,"Transfer Function, Electrocortical.",Behnam Molaee-Ardekani,Fabrice Wendling,,,,,,,,,,,,,
2014,Neuronal Parameter Co-regulation.,David J. Schulz,,,,,,,,,,,,,,
2014,Migraines and Cortical Spreading Depression.,Markus A. Dahlem,,,,,,,,,,,,,,
2014,Basal Ganglia: Habit Formation.,Barbara J. Knowlton,,,,,,,,,,,,,,
2014,Neuronal Parameter Non-uniqueness.,Jean-Marc Goaillard,,,,,,,,,,,,,,
2014,Applications of Information Theory to Analysis of Neural Data.,Simon R. Schultz,Robin A. A. Ince,Stefano Panzeri,,,,,,,,,,,,
2014,Physical Sectioning Microscopy.,Yoonsuck Choe,,,,,,,,,,,,,,
2014,Auditory Thalamocortical Transformations.,Kazuo Imaizumi,,,,,,,,,,,,,,
2014,NeuroMorpho.org.,Ruchi Parekh,Giorgio A. Ascoli,,,,,,,,,,,,,
2014,Auditory Memory.,Dawai Li,Nelson Cowan,,,,,,,,,,,,,
2014,Spiking Network Models and Theory: Overview.,Marc-Oliver Gewaltig,,,,,,,,,,,,,,
2014,Boltzmann Machine.,Joaquín J. Torres,,,,,,,,,,,,,,
2014,NeuroElectro Project.,Shreejoy J. Tripathy,Richard C. Gerkin,,,,,,,,,,,,,
2014,Stochastic Neural Field Theory.,Paul C. Bressloff,,,,,,,,,,,,,,
2014,Dendritic Spines.,William R. Holmes,,,,,,,,,,,,,,
2014,"Short Term Plasticity, Biophysical Models.",Robert Rosenbaum,,,,,,,,,,,,,,
2014,Spike Time Response Curve.,Theoden I. Netoff,,,,,,,,,,,,,,
2014,"Peripheral Nerve Signal Processing, Denoising.",Ken Yoshida,,,,,,,,,,,,,,
2014,"Neuroimaging, Neural Population Models for.",Ingo Bojak,Michael Breakspear,,,,,,,,,,,,,
2014,Cortical Motor Prosthesis.,Karthikeyan Balasubramanian,Nicholas G. Hatsopoulos,,,,,,,,,,,,,
2014,BrainMap.,Michael C. Riedel,Kimberly L. Ray,P. Mickle Fox,Angela M. Uecker,Simon B. Eickhoff,Peter T. Fox,Angela Marie Richmond Laird,,,,,,,,
2014,"Auditory Nerve Response, Afferent Signals.",Peter Heil,,,,,,,,,,,,,,
2014,Application of Declarative Programming in Neurobiology.,Thomas J. Anastasio,,,,,,,,,,,,,,
2014,Resistivity/Conductivity of Extracellular Medium.,Scott Lempka,Cameron C. McIntyre,,,,,,,,,,,,,
2014,"Phase Resetting, Measurement of Infinitessimal.",Klaus M. Stiefel,,,,,,,,,,,,,,
2014,Equivalent Cylinder Model (Rall).,William R. Holmes,,,,,,,,,,,,,,
2014,"Peripheral Nerve Interface Applications, Sleep Apnea.",Dominique M. Durand,,,,,,,,,,,,,,
2014,Wavelet Analysis.,Hualou Liang,,,,,,,,,,,,,,
2014,NEURON Simulation Environment.,Michael L. Hines,Ted Carnevale,,,,,,,,,,,,,
2014,Auditory Precedence Effect.,Barbara G. Shinn-Cunningham,,,,,,,,,,,,,,
2014,Computational Neuroanatomy: Overview.,Yoonsuck Choe,,,,,,,,,,,,,,
2014,"Calcium-Dependent Exocytosis, Biophysical Models of.",Victor Matveev,,,,,,,,,,,,,,
2014,"Neuromorphic Hardware, Large Scale.",Johannes Schemmel,,,,,,,,,,,,,,
2014,Computational Models of Motor Pools.,Charles J. Heckman,,,,,,,,,,,,,,
2014,Cable Theory: Overview.,William R. Holmes,,,,,,,,,,,,,,
2014,Retinal Prostheses for Restoration of Sight.,Daniel V. Palanker,,,,,,,,,,,,,,
2014,Synthetic Neuronal Circuits/Networks.,Padraig Gleeson,,,,,,,,,,,,,,
2014,Electrocorticogram (ECoG).,Biyu J. He,,,,,,,,,,,,,,
2014,Chloride Channels.,Steven A. Prescott,,,,,,,,,,,,,,
2014,State-Space Models for the Analysis of Neural Spike Train and Behavioral Data.,Zhe Chen 0001,Emery N. Brown,,,,,,,,,,,,,
2014,Modeling Synapses.,Jason S. Rothman,,,,,,,,,,,,,,
2014,NEST: The Neural Simulation Tool.,Hans Ekkehard Plesser,Markus Diesmann,Marc-Oliver Gewaltig,Abigail Morrison,,,,,,,,,,,
2014,"Decision Making, Models.",Paul Miller 0001,,,,,,,,,,,,,,
2014,Drosophila Connectome.,Arjun Bharioke,Louis K. Scheffer,Dmitri B. Chklovskii,Ian A. Meinertzhagen,,,,,,,,,,,
2014,Directed Information Flow and Causality in Neural Systems.,Michael C. Gastpar,,,,,,,,,,,,,,
2014,Physiology and Function of Cochlear Efferents.,John J. Guinan,,,,,,,,,,,,,,
2014,Somatosensory Neurons: Spike Timing.,Hannes P. Saal,,,,,,,,,,,,,,
2014,Sodium Channels.,Dominique Engel,,,,,,,,,,,,,,
2014,Brain Architecture Management System (BAMS).,Mihail Bota,,,,,,,,,,,,,,
2014,Short-Term Synaptic Plasticity in Central Pattern Generators.,Diana Martinez,Victor Matveev,Farzan Nadim,,,,,,,,,,,,
2014,Spectral Interdependency Methods.,Mukesh Dhamala,,,,,,,,,,,,,,
2014,Population Density Models.,Nicolas Brunel,Vincent Hakim,,,,,,,,,,,,,
2014,Morphologically Detailed Motoneuron Models.,Sherif M. Elbasiouny,,,,,,,,,,,,,,
2014,Computational Models Supporting Parameter Finding for Deep Brain Stimulation.,Nada Yousif,,,,,,,,,,,,,,
2014,"Facilitation, Biophysical Models.",Victor Matveev,,,,,,,,,,,,,,
2014,"Wiring Principles, Optimization.",Marcus Kaiser,Claus C. Hilgetag,,,,,,,,,,,,,
2014,"Phase Transitions, Neural Population Models and.",D. Alistair Steyn-Ross,Moira L. Steyn-Ross,Jamie W. Sleigh,,,,,,,,,,,,
2014,Dopaminergic Cell Models.,Alexey Kuznetsov 0002,Boris S. Gutkin,,,,,,,,,,,,,
2014,Spectral Methods in Neural Data Analysis: Overview.,Steven L. Bressler,,,,,,,,,,,,,,
2014,Spike Train.,Robert E. Kass,,,,,,,,,,,,,,
2014,"Transcriptional Control Dysfunction, Modeling.",Gillian Queisser,,,,,,,,,,,,,,
2014,Dendritic Spines: Continuum Theory.,Steven M. Baer,,,,,,,,,,,,,,
2014,"Connectome, Mouse.",Yoonsuck Choe,Jaerock Kwon,David Mayerich,Louise C. Abbott,,,,,,,,,,,
2014,Spinal Interfaces: Overview.,Michel Lemay,,,,,,,,,,,,,,
2014,Phototransduction Biophysics.,Mikko Juusola,Zhuoyi Song,Roger C. Hardie,,,,,,,,,,,,
2014,Olivocerebellar Pathway.,Martin Garwicz,,,,,,,,,,,,,,
2014,Time-Frequency Analysis.,Joerg F. Hipp,,,,,,,,,,,,,,
2014,"Local Field Potential, Methods of Recording.",Andrew Sharott,,,,,,,,,,,,,,
2014,"Connectome, General.",Yoonsuck Choe,,,,,,,,,,,,,,
2014,Multistability in Neurodynamics: Overview.,Gennady S. Cymbalyuk,,,,,,,,,,,,,,
2014,Pre-Botzinger Complex Rhythm Generation.,Natalia Toporikova,,,,,,,,,,,,,,
2014,Patch Clamp Technique.,Thomas Nowotny,Vincenzo Marra,,,,,,,,,,,,,
2014,Computational Models to Optimize the Electrodes and Waveforms for Deep Brain Stimulation.,Bryan Howell,Warren M. Grill 0001,,,,,,,,,,,,,
2014,Neuronal Model Databases.,Cengiz Günay,,,,,,,,,,,,,,
2014,"Cortical Function, Normative Models of.",Jochen Triesch,,,,,,,,,,,,,,
2014,Particle-Based Stochastic Simulators.,Kim T. Blackwell,,,,,,,,,,,,,,
2014,Information Geometry as Applied to Neural Spike Data.,Shun-ichi Amari,,,,,,,,,,,,,,
2014,Epidural Stimulation.,Yury P. Gerasimenko,Victor Reggie Edgerton,,,,,,,,,,,,,
2014,Dynamic Clamp Technique.,Thomas Nowotny,Pablo Varona,,,,,,,,,,,,,
2014,"Spontaneous Activity, Models of.",Joana Cabral,Gustavo Deco,,,,,,,,,,,,,
2014,"Local Field Potential, Ephaptic Interactions.",Costas A. Anastassiou,,,,,,,,,,,,,,
2014,Calcium-Dependent Potassium Channels.,Guillaume Drion,Fabian Philippart,Rodolphe Sepulchre,Vincent Seutin,,,,,,,,,,,
2014,"Resistivity, Axial.",John Bekkers,,,,,,,,,,,,,,
2014,"Working Memory, Models of.",Gianluigi Mongillo,,,,,,,,,,,,,,
2014,Models of Extracellular Signal-Regulated Kinases.,Susana R. Neves,,,,,,,,,,,,,,
2014,Neural Population Models and Cortical Field Theory: Overview.,Ingo Bojak,,,,,,,,,,,,,,
2014,Cx3D: Cortex Simulation in 3D.,Andreas Hauri,,,,,,,,,,,,,,
2014,Action Potential Initiation.,Dejan Zecevic,Marko Popovic,,,,,,,,,,,,,
2014,Estimation of Neuronal Firing Rate.,Shigeru Shinomoto,,,,,,,,,,,,,,
2014,"Phase Models, Noisy.",G. Bard Ermentrout,,,,,,,,,,,,,,
2014,"Decision Making, Bias.",Marijn van Wingerden,Tobias Kalenscher,,,,,,,,,,,,,
2014,Baroreflex Models.,Yaroslav I. Molkov,,,,,,,,,,,,,,
2014,"Calmodulin, Models of.",M. Neal Waxham,Margaret S. Cheung,,,,,,,,,,,,,
2014,Weak Coupling Theory.,Timothy J. Lewis,Michael A. Schwemmer,,,,,,,,,,,,,
2014,Neuropharmacological Modelling: Alterations in Ionic Homeostasis.,Nicolas Doyon,Annie Castonguay,Yves De Koninck,,,,,,,,,,,,
2014,"Neuromuscular Control Systems, Models of.",James J. Abbas,,,,,,,,,,,,,,
2014,"Striatal Models, Cellular Detail.",Kim T. Blackwell,Sriraman Damodaran,Rebekah C. Evans,,,,,,,,,,,,
2014,"Capacitance, Membrane.",Jorge Golowasch,Farzan Nadim,,,,,,,,,,,,,
2014,Decision-Making Tasks.,Angela J. Yu,,,,,,,,,,,,,,
2014,"Protein Kinase A, Models of.",Kim T. Blackwell,Joanna Jedrzejewska-Szmek,,,,,,,,,,,,,
2014,Computation with Dopaminergic Modulation.,Samuel J. Gershman,,,,,,,,,,,,,,
2014,"Imaging Analysis, Bayesian.",William D. Penny,,,,,,,,,,,,,,
2014,"Hippocampus, Model Inhibitory Cells.",Frances K. Skinner,Katie A. Ferguson,,,,,,,,,,,,,
2014,Delayed Rectifier and A-Type Potassium Channels.,Paul B. Manis,,,,,,,,,,,,,,
2014,Vestibular System: Overview.,Americo A. Migliaccio,,,,,,,,,,,,,,
2014,"Propagator, Axonal.",Viktor K. Jirsa,,,,,,,,,,,,,,
2014,Methodologies for the Treatment of Pain.,Scott Lempka,André Machado,,,,,,,,,,,,,
2014,Olfactory Computation in Glomerular Microcircuits.,Thomas A. Cleland,,,,,,,,,,,,,,
2014,"Calcium Dynamics in Neuronal Microdomains: Modeling, Stochastic Simulations, and Data Analysis.",Claire Guerrier,Eduard Korkotian,David Holcman,,,,,,,,,,,,
2014,Summary of Information Theoretic Quantities.,Robin A. A. Ince,Stefano Panzeri,Simon R. Schultz,,,,,,,,,,,,
2014,Choice Behavior.,Marijn van Wingerden,Tobias Kalenscher,,,,,,,,,,,,,
2014,Learning Rules: Overview.,Klaus Obermayer,,,,,,,,,,,,,,
2014,Neuromechanics of Joint Coordination.,Young-Hui Chang,,,,,,,,,,,,,,
2014,Spatiotemporal Energy Models.,Wyeth Bair,,,,,,,,,,,,,,
2014,Gillespie Algorithm for Biochemical Reaction Simulation.,Daniel T. Gillespie,,,,,,,,,,,,,,
2014,Decoding Field Potentials.,Yan Tat Wong,Bijan Pesaran,,,,,,,,,,,,,
2014,Diffusion Equation.,Fidel Santamaría,Toma M. Marinov,,,,,,,,,,,,,
2014,Meta-analysis in Neuroimaging.,Kimberly L. Ray,Angela R. Laird,,,,,,,,,,,,,
2014,Neuronal Model Optimization.,Astrid A. Prinz,,,,,,,,,,,,,,
2014,Micro-Wires.,Almut Branner,,,,,,,,,,,,,,
2014,Pathological Changes in Peripheral Nerve Excitability.,Steven A. Prescott,,,,,,,,,,,,,,
2014,"Peripheral Nerve Signal Processing, Multipole Cuff Methods.",Paul D. Yoo,,,,,,,,,,,,,,
2014,"Mammalian Motor Nerve Fibers, Models of.",Leonel E. Medina,Warren M. Grill 0001,,,,,,,,,,,,,
2014,Kinetic Models for PET/SPECT Imaging.,Miho Shidahara,Hiroshi Watabe,Iwao Kanno,,,,,,,,,,,,
2014,"Voltage-Sensitive Dye Imaging, Intrinsic Optical Signals.",Ian M. Devonshire,Ying Zheng,Jason Berwick,,,,,,,,,,,,
2014,Inward Rectifier Potassium Channels.,Yann Le Franc,,,,,,,,,,,,,,
2014,Vestibular Function After Cochlear Implantation.,Stephen J. O'Leary,,,,,,,,,,,,,,
2014,"Perception, Bayesian Models of.",Ulrik R. Beierholm,,,,,,,,,,,,,,
2014,Efficient Population Coding.,Matthias Bethge,,,,,,,,,,,,,,
2014,Correlation Analysis of Parallel Spike Trains.,Jos J. Eggermont,,,,,,,,,,,,,,
2014,"Neuromorphic Sensors, Head Direction.",Timothy K. Horiuchi,Tarek M. Massoud,,,,,,,,,,,,,
2014,"Hippocampus, Model Network Architecture.",Sarah Feldt Muldoon,,,,,,,,,,,,,,
2014,"Spike Timing-Dependent Plasticity (STDP), Biophysical Models.",Thom Griffith,Jack R. Mellor,Krasimira Tsaneva-Atanasova,,,,,,,,,,,,
2014,"Control of Breathing, Integration of Adaptive Reflexes.",Chung Tin,Chi-Sang Poon,,,,,,,,,,,,,
2014,Somatosensory Cortex: Neural Coding of Motion.,Yu-Cheng Pei,,,,,,,,,,,,,,
2014,Conductance-Based Models of Nonlinear Dynamics in Vertebrate Motoneurons.,Sharmila Venugopal,,,,,,,,,,,,,,
2014,Estimating Information-Theoretic Quantities.,Robin A. A. Ince,Simon R. Schultz,Stefano Panzeri,,,,,,,,,,,,
2014,"Visual Prosthesis, Optic Nerve Approaches.",Qiushi Ren,,,,,,,,,,,,,,
2014,Dynamic Diseases of the Brain.,Gerold Baier,John Milton,,,,,,,,,,,,,
2014,Spike-Triggered Average.,Junji Ito,,,,,,,,,,,,,,
2014,"Recurrent Network Models, Reservoir Computing.",Robert Legenstein,,,,,,,,,,,,,,
2014,"Vestibular, Rehabilitation.",Michael C. Schubert,,,,,,,,,,,,,,
2014,Spatial Spectral Analysis.,Armin Fuchs,,,,,,,,,,,,,,
2014,Cerebellum: Overview.,Fidel Santamaría,,,,,,,,,,,,,,
2014,Modeling the Emergence of Orientation Selectivity in the Cerebral Cortex.,Benjamin Scholl,Nicholas J. Priebe,,,,,,,,,,,,,
2014,Pattern Formation in Neural Population Models.,Axel Hutt,,,,,,,,,,,,,,
2014,"Prosthetic Vision, Perceptual Effects.",Gislin Dagnelie,H. Christiaan Stronks,,,,,,,,,,,,,
2014,Rhythm Perception: Pulse and Meter.,Edward W. Large,,,,,,,,,,,,,,
2014,Sound Localization and Experience-Dependent Plasticity.,Christian John Sumner,Robert Mill,,,,,,,,,,,,,
2014,FieldML.,Randall D. Britten,Peter J. Hunter,Poul M. F. Nielsen,Andrew K. Miller,Chris P. Bradley,G. Richard Christie,,,,,,,,,
2014,Lateral Geniculate Nucleus (LGN) Models.,Gaute T. Einevoll,Geir Halnes,,,,,,,,,,,,,
2014,Brain Extracellular Space: A Compartment for Intercellular Communication and Drug Delivery.,Sabina Hrabetova,Jan Hrabe,,,,,,,,,,,,,
2014,Peripheral Nerve Interface Applications: Respiratory Pacing.,Brian Hillen,Ranu Jung,,,,,,,,,,,,,
2014,"Peripheral Nerve Interface Applications, EMG/ENG.",Mohamed N. Abdelghani,James J. Abbas,Ranu Jung,,,,,,,,,,,,
2014,Pulse-Coupled Oscillators.,Carmen C. Canavier,,,,,,,,,,,,,,
2014,Computational Models of Modulation of Oscillatory Dynamics.,Pawel Andrzej Herman,,,,,,,,,,,,,,
2014,"Spinal Cord, Integrated (Non CPG) Models of.",Gerald E. Loeb,,,,,,,,,,,,,,
2014,Receptive Field Modeling.,Brian S. Blais,,,,,,,,,,,,,,
2014,Topographic Independent Component Analysis.,Aapo Hyvärinen,,,,,,,,,,,,,,
2014,Subthalamopallidal Loop and Oscillations.,David Terman,,,,,,,,,,,,,,
2014,Olfactory Computation in Antennal Lobe and Mushroom Bodies.,Maxim Bazhenov,Mark Stopfer,,,,,,,,,,,,,
2014,Multi-scale Modeling of Purkinje Cells.,Fidel Santamaría,Emmanuel A. Michaelides,,,,,,,,,,,,,
2014,Radiopharmaceuticals in Molecular Imaging.,Shankar Vallabhajosula,,,,,,,,,,,,,,
2014,Neurofitter.,Werner Van Geit,,,,,,,,,,,,,,
2014,"Hippocampus, Model Excitatory Cells.",Katie A. Ferguson,Frances K. Skinner,,,,,,,,,,,,,
2014,"Phase Response Curve, Measurement, and Shape of General.",Theoden I. Netoff,,,,,,,,,,,,,,
2014,Leech Local Bend: Neural Coding of Touch Location.,John E. Lewis,,,,,,,,,,,,,,
2014,Vestibular Adaptation and Compensation.,Thomas P. Wellings,Alan M. Brichta,Rebecca Lim,,,,,,,,,,,,
2014,"Cortical Maps, Intrinsic Processes.",Geoffrey J. Goodhill,,,,,,,,,,,,,,
2014,Brain-Scale Networks: Overview.,Tay Netoff,,,,,,,,,,,,,,
2014,Brain-Machine Interface: Overview.,Karim G. Oweiss,,,,,,,,,,,,,,
2014,Basal Ganglia: Decision-Making.,Wei Wei,Xiao-Jing Wang,,,,,,,,,,,,,
2014,Biochemical Signaling Pathways and Diffusion: Overview.,Kim T. Blackwell,,,,,,,,,,,,,,
2014,Dendritic Computation.,Panayiota Poirazi,,,,,,,,,,,,,,
2014,Basal Ganglia: Mechanisms for Action Selection.,Mark D. Humphries,,,,,,,,,,,,,,
2014,Low-Frequency Oscillations (Anesthesia and Sleep): Overview.,Diego Contreras,,,,,,,,,,,,,,
2014,"Biophysical Models: Neurovascular Coupling, Cortical Microcircuits, and Metabolism.",Jorge J. Riera,,,,,,,,,,,,,,
2014,Low-Voltage-Activated Calcium Channels.,Jordan D. T. Engbers,,,,,,,,,,,,,,
2014,"Peripheral Nerve Interface, Intraneural Electrode.",Mitch Frankel,,,,,,,,,,,,,,
2014,Simulation Experiment Description Markup Language (SED-ML).,Dagmar Waltemath,Nicolas Le Novère,,,,,,,,,,,,,
2014,Computational Models of Neuromodulation.,Angela J. Yu,,,,,,,,,,,,,,
2014,"Cochlear Inner Hair Cell, Model.",Enrique A. Lopez-Poveda,,,,,,,,,,,,,,
2014,"Adaptation in Sensory Cortices, Models of.",Klaus Wimmer 0004,,,,,,,,,,,,,,
2014,Connectionist Models of CPG Networks.,Sharmila Venugopal,,,,,,,,,,,,,,
2014,Basal Ganglia: Control of Saccades.,Benoît Girard 0001,,,,,,,,,,,,,,
2014,NineML.,Andrew Davison,,,,,,,,,,,,,,
2014,Peripheral Vestibular Signal Processing.,Americo A. Migliaccio,,,,,,,,,,,,,,
2014,Parametric Spectral Analysis.,Mingzhou Ding,Govindan Rangarajan,,,,,,,,,,,,,
2014,Finite Element Modeling for Extracellular Stimulation.,Frank Rattay,Simon M. Danner,Ursula S. Hofstoetter,Karen Minassian,,,,,,,,,,,
2014,Associations and Rewards in Auditory Cortex.,Michael Brosch,,,,,,,,,,,,,,
2014,Coupled Oscillations in Neural Control of Breathing.,Yaroslav I. Molkov,,,,,,,,,,,,,,
2014,"Tinnitus, Models.",Roland Schaette,,,,,,,,,,,,,,
2014,Auditory Prosthesis.,Johan H. M. Frijns,Jeroen J. Briaire,,,,,,,,,,,,,
2014,"Metabotropic Receptors Dynamics, Conductance Models.",William Gibson,,,,,,,,,,,,,,
2014,Basal Ganglia System as an Engine for Exploration.,V. Srinivasa Chakravarthy,Pragathi Priyadharsini Balasubramani,,,,,,,,,,,,,
2014,Modeling the Axon.,Bruce Graham,,,,,,,,,,,,,,
2014,"Visual Prosthesis, Optogenetic Approaches.",Patrick Degenaar,John Barrett,,,,,,,,,,,,,
2014,Cell Centered Database.,Maryann E. Martone,,,,,,,,,,,,,,
2014,"Tripartite Synapse (Neuron-Astrocyte Interactions), Conductance Models.",Theodore W. Berger,,,,,,,,,,,,,,
2014,Peripheral Nerve Interfaces: Overview.,Douglas J. Weber,Brian Wodlinger,Wei Wang 0086,,,,,,,,,,,,
2014,"Extracellular Potentials, Forward Modeling of.",Gaute T. Einevoll,,,,,,,,,,,,,,
2014,Spike Train Distance.,Jonathan D. Victor,,,,,,,,,,,,,,
2014,Information Theory: Overview.,Alexander Dimitrov 0001,,,,,,,,,,,,,,
2014,"Local Field Potential, Relationship to Membrane Synaptic Potentials.",Aryeh H. Taub,Ilan Lampl,Michael Okun,,,,,,,,,,,,
2014,"Retinotopic Development, Models of.",Stephen J. Eglen,,,,,,,,,,,,,,
2014,Rhythm Generation in Young Xenopus Tadpoles.,Alan Roberts,,,,,,,,,,,,,,
2014,Reduced Morphology Models.,Addolorata Marasco,Michele Migliore,,,,,,,,,,,,,
2014,Basal Ganglia: Overview.,Jonathan Rubin,,,,,,,,,,,,,,
2014,"Local Field Potential, Relationship to Electroencephalography (EEG) and Magnetoencephalography (MEG).",Stephanie R. Jones,,,,,,,,,,,,,,
2014,"Embodied Cognition, Dynamic Field Theory of.",Gregor Schöner,,,,,,,,,,,,,,
2014,Neuronal Model Output Fitness Function.,William E. White,Scott L. Hooper,,,,,,,,,,,,,
2014,Dynamic Causal Modeling with Neural Population Models.,Rosalyn J. Moran,,,,,,,,,,,,,,
2014,Inverse Problems in Neural Population Models.,Roland Potthast,,,,,,,,,,,,,,
2014,Parkinson's Disease: Deep Brain Stimulation.,Anne Beuter,,,,,,,,,,,,,,
2014,Cardiac Excitable Tissue Pathology (Ion Channels).,Jonathan D. Moreno,Colleen E. Clancy,,,,,,,,,,,,,
2014,"Imaging, Specimen Preparation.",Louise C. Abbott,,,,,,,,,,,,,,
2014,Comparative Analysis of Half-Center Central Pattern Generators (CPGs).,Jonathan Rubin,,,,,,,,,,,,,,
2014,"Local Field Potential, Relationship to BOLD Signal.",Nikos K. Logothetis,Stefano Panzeri,,,,,,,,,,,,,
2014,Physiology and Computational Principles of Muscle Force Generation.,George A. Tsianos,Gerald E. Loeb,,,,,,,,,,,,,
2014,"Vestibular Otoliths, Response to Vibration and Sound.",Ian S. Curthoys,,,,,,,,,,,,,,
2014,Perceptual Decision Making.,Christopher K. Hauser,Emilio Salinas,,,,,,,,,,,,,
2014,Gap Junctions in Small Networks.,Thomas Nowotny,Paul R. Benjamin,,,,,,,,,,,,,
2014,"Center-Surround Processing, Computational Role of.",Udo Ernst,,,,,,,,,,,,,,
2014,Bifurcation Analysis.,William H. Barnett,Gennady S. Cymbalyuk,,,,,,,,,,,,,
2014,Somatosensory Cortex: Organization.,Gregg Tabot,,,,,,,,,,,,,,
2014,Time-Delayed Neural Networks: Stability and Oscillations.,Jianhong Wu,Sue Ann Campbell,Jacques Bélair,,,,,,,,,,,,
2014,"Center-Surround Processing, Network Models of.",Lars Schwabe,,,,,,,,,,,,,,
2014,Computational Models of Mammalian Respiratory CPG.,Jeffrey C. Smith,,,,,,,,,,,,,,
2014,Neuronal Parameter Space Exploration.,Wafa Soofi,,,,,,,,,,,,,,
2014,Auditory Event-related Potentials.,István Winkler,Susan L. Denham,Carles Escera,,,,,,,,,,,,
2014,Finite Element Models of Transcutaneous Spinal Cord Stimulation.,Simon M. Danner,Ursula S. Hofstoetter,Karen Minassian,,,,,,,,,,,,
2014,"MOOSE, the Multiscale Object-Oriented Simulation Environment.",Niraj Dudani,Upinder S. Bhalla,Subhasis Ray,,,,,,,,,,,,
2014,Brain Atlases.,Yoonsuck Choe,,,,,,,,,,,,,,
2014,Stochastic Simulators.,Wonryull Koh,Kim T. Blackwell,,,,,,,,,,,,,
2014,Multi-objective Evolutionary Algorithms.,Tomasz G. Smolinski,,,,,,,,,,,,,,
2014,Quasi-active Approximation of Nonlinear Dendritic Cables.,Michiel W. H. Remme,,,,,,,,,,,,,,
2014,Stochastic Resonance: Balance Control and Cochlear Implants.,Sonya Bahar,,,,,,,,,,,,,,
2014,Hyperpolarization-Activated Cyclic Nucleotide-Gated Channels.,Matthew F. Nolan,,,,,,,,,,,,,,
2014,"Gamma-Aminobutyric Acid Type-A (GABA-A) Receptors, Kinetic Models.",Mathew Jones,,,,,,,,,,,,,,
2014,Bradykinesia Models.,Vassilis Cutsuridis,,,,,,,,,,,,,,
2014,"Electrotonic Length, Formulas and Estimates.",William R. Holmes,,,,,,,,,,,,,,
2014,Olfactory Cortical Associative Memory Models.,Licurgo de Almeida,,,,,,,,,,,,,,
2014,Speed-Accuracy Trade-Off.,Rafal Bogacz,,,,,,,,,,,,,,
2014,ModelDB.,Robert A. McDougal,Rixin Wang,Thomas M. Morse,Michele Migliore,Luis N. Marenco,Ted Carnevale,Michael L. Hines,Gordon M. Shepherd,,,,,,,
2014,"Reward-Based Learning, Model-Based and Model-Free.",Quentin J. M. Huys,Anthony Cruickshank,Peggy Seriès,,,,,,,,,,,,
2014,Coexistence of Bursting Regimes.,Robert J. Butera,,,,,,,,,,,,,,
2014,Balanced State.,Lars Schwabe,,,,,,,,,,,,,,
2014,"Time Constant, τ, in Neuronal Signaling.",William R. Holmes,,,,,,,,,,,,,,
2014,"GENESIS, The GEneral NEural SImulation System.",James M. Bower,Hugo Cornelis,David Beeman,,,,,,,,,,,,
2014,Visual Hallucinations and Migraine Auras.,Jack D. Cowan,,,,,,,,,,,,,,
2014,Software Tools for Modelling in Computational Neuroscience: Overview.,Padraig Gleeson,,,,,,,,,,,,,,
2014,"Cortical Columns, Models of.",Sean L. Hill,,,,,,,,,,,,,,
2014,Control of Aquatic and Terrestrial Gaits in Salamander.,Auke Jan Ijspeert,Jean-Marie Cabelguen,,,,,,,,,,,,,
2014,Slow Oscillations and Epilepsy: Network Models.,Alain Destexhe,,,,,,,,,,,,,,
2014,Numerical Integration Methods.,Michael L. Hines,Ted Carnevale,,,,,,,,,,,,,
2014,Methodologies for the Restoration of Bladder and Bowel Functions.,Meredith McGee,Warren M. Grill 0001,,,,,,,,,,,,,
2014,Auditory Processing in Insects.,R. Matthias Hennig,Bernhard Ronacher,,,,,,,,,,,,,
2014,The TREES Toolbox - Code for Neuronal Branching.,Hermann Cuntz,,,,,,,,,,,,,,
2014,Joint Peri Stimulus Time Histogram (JPSTH).,George L. Gerstein,,,,,,,,,,,,,,
2014,"Coordinate Transformations, Role of Spinal Cord in.",Yifat Prut,,,,,,,,,,,,,,
2014,Delta Rhythms: Models and Physiology.,Roger D. Traub,Miles A. Whittington,,,,,,,,,,,,,
2014,Neural Population Model.,David T. J. Liley,,,,,,,,,,,,,,
2014,"Modeling of Disease: Molecular Level, Overview.",William W. Lytton,,,,,,,,,,,,,,
2014,Software for Neuroimaging Data Analysis.,Jean-Baptiste Poline,David N. Kennedy,,,,,,,,,,,,,
2014,Decision Making: Overview.,Emilio Salinas,,,,,,,,,,,,,,
2014,Auditory Evoked Brainstem Responses.,Carles Escera,Heike Althen,Sabine Grimm,,,,,,,,,,,,
2014,Neuronal Model Reduction.,Richard Naud,,,,,,,,,,,,,,
2014,LFP Analysis: Overview.,Alain Destexhe,Joshua A. Goldberg,,,,,,,,,,,,,
2014,"Human Balancing Tasks: Power Laws, Intermittency, and Lévy Flights.",Juan Luis Cabrera,Felix Patzelt,,,,,,,,,,,,,
2014,"Phase Response Curve, Topology of.",Robert J. Butera,Sharon E. Norman,,,,,,,,,,,,,
2014,Computational Analysis of Rodent Spinal CPG.,William Erik Sherwood,,,,,,,,,,,,,,
2014,Modeling of Bimolecular Reactions.,Stuart Edelstein,,,,,,,,,,,,,,
2014,Hopfield Network.,Joaquín J. Torres,,,,,,,,,,,,,,
2014,Hodgkin-Huxley Model.,David Beeman,,,,,,,,,,,,,,
2014,"Neuromorphic Sensors, Vision.",Bernabé Linares-Barranco,Teresa Serrano-Gotarredona,,,,,,,,,,,,,
2014,Bursting in Neurons and Small Networks.,David M. Fox,Horacio G. Rotstein,Farzan Nadim,,,,,,,,,,,,
2014,"Peripheral Nerve Interface Applications, Sensory Restoration.",Lee E. Fisher,Douglas J. Weber,,,,,,,,,,,,,
2014,"Protein Kinase C, Models of.",Kim T. Blackwell,,,,,,,,,,,,,,
2014,"Retinal Waves, Models of.",Matthias H. Hennig,,,,,,,,,,,,,,
2014,Neuromodulation in Small Networks.,Alex H. Williams,Albert W. Hamood,Eve Marder,,,,,,,,,,,,
2014,Modeling Ion Concentrations.,Namrata Mohapatra,Horace T. Deans,Fidel Santamaría,Peter Jedlicka,,,,,,,,,,,
2014,Hippocampal Memory Prosthesis.,Dong Song,Theodore W. Berger,,,,,,,,,,,,,
2014,Model Reproducibility: Overview.,Sharon M. Crook,,,,,,,,,,,,,,
2014,"Sound Localization in Mammals, Models.",Jonas Braasch,,,,,,,,,,,,,,
2014,"Peripheral Nerves, Anatomy and Physiology of.",Mario I. Romero-Ortega,,,,,,,,,,,,,,
2014,BioModels Database: a public repository for sharing models of biological processes.,Vijayalakshmi Chelliah,Nick S. Juty,Camille Laibe,Henning Hermjakob,Nicolas Le Novère,,,,,,,,,,
2014,Cercal System.,Hiroto Ogawa,John P. Miller 0001,,,,,,,,,,,,,
2014,"Reconstruction, Techniques, and Validation.",David Mayerich,Yoonsuck Choe,John Keyser,,,,,,,,,,,,
2014,Action Potential Backpropagation.,Sonia Gasparini,Michele Migliore,,,,,,,,,,,,,
2014,"Gamma and Theta Oscillations, Hippocampus: Overview.",Frances K. Skinner,,,,,,,,,,,,,,
2014,"N -Methyl- d -Aspartate (NMDA) Receptors, Conductance Models.",Patrick Roberts,,,,,,,,,,,,,,
2014,Local Field Potential and Movement Disorders.,Annaelle Devergnas,Thomas Wichmann,,,,,,,,,,,,,
2014,Neuronal Model Hand-Tuning.,Victoria Booth,,,,,,,,,,,,,,
2014,Local Field Potential in the Visual System.,Gregor Rainer,,,,,,,,,,,,,,
2014,Systems Biology Markup Language (SBML).,Michael Hucka,,,,,,,,,,,,,,
2014,Mesoscopic Anatomy and Neural Population Models.,David T. J. Liley,,,,,,,,,,,,,,
2014,Mixed-Mode Oscillations in Single Neurons.,Horacio G. Rotstein,,,,,,,,,,,,,,
2014,CellML.,Randall D. Britten,,,,,,,,,,,,,,
2014,Slow Oscillations: Models.,Albert Compte,,,,,,,,,,,,,,
2014,Basal Ganglia: Beta Oscillations.,Rafal Bogacz,,,,,,,,,,,,,,
2014,Target Selection vs. Response Selection.,Robert McPeek,,,,,,,,,,,,,,
2014,Spatial Temporal Spike Pattern Analysis.,Moshe Abeles,,,,,,,,,,,,,,
2014,Compartmental Models of Spinal Motoneurons.,Randy Powers,,,,,,,,,,,,,,
2014,"Peripheral Nerve Interface, Epineural Electrode.",Lee E. Fisher,,,,,,,,,,,,,,
2014,"Pitch Perception, Models.",Jan W. H. Schnupp,,,,,,,,,,,,,,
2014,Control of Locomotion and Scratching in Turtles.,Ari Berkowitz,,,,,,,,,,,,,,
2014,"Space (Length) Constant, Lambda, in Neuronal Signaling.",William R. Holmes,,,,,,,,,,,,,,
2014,"Stereo Vision, Models of.",Jenny C. A. Read,,,,,,,,,,,,,,
2014,Locomotor Pattern Generation in the Rodent Spinal Cord.,Ronald M. Harris-Warrick,,,,,,,,,,,,,,
2014,Computational Models of Neural Retina.,Socrates Dokos,,,,,,,,,,,,,,
2014,Music Processing in the Brain.,Stefan Kölsch,,,,,,,,,,,,,,
2014,Optogenetics.,Jessica A. Cardin,,,,,,,,,,,,,,
2014,"Visual Aftereffects, Models of.",James A. Bednar,,,,,,,,,,,,,,
2014,Master Stability Function for Globally Synchronized Systems.,Louis M. Pecora,Thomas L. Carroll,,,,,,,,,,,,,
2014,Determining Network Structure from Data: Nonlinear Modeling Methods.,Bjoern Schelter,Marco Thiel,,,,,,,,,,,,,
2014,Metric Space Analysis of Neural Information Flow.,Conor J. Houghton,,,,,,,,,,,,,,
2014,Recurrent Brain-Computer Interfaces.,Andrew Jackson,,,,,,,,,,,,,,
2014,Computation with Population Codes.,Edward Paxon Frady,William B. Kristan Jr.,,,,,,,,,,,,,
2014,Spinal and Neuromechanical Integration: Overview.,Matthew C. Tresch,Devin L. Jindrich,,,,,,,,,,,,,
2014,Wilson-Cowan Model.,Zachary P. Kilpatrick,,,,,,,,,,,,,,
2014,Polypeptide and Protein Modeling for Drug Design.,Megan L. O'Mara,Evelyne Deplazes,,,,,,,,,,,,,
2014,Phase Response Curves: Overview.,Carmen C. Canavier,,,,,,,,,,,,,,
2014,Pulse-Resonance Sounds.,Roy D. Patterson,,,,,,,,,,,,,,
2014,"Hippocampal Theta, Gamma, and Theta/Gamma Network Models.",Katie A. Ferguson,Frances K. Skinner,,,,,,,,,,,,,
2014,Models of Fly Lobula Plate Tangential Cells (LPTCs).,Hermann Cuntz,,,,,,,,,,,,,,
2014,Neuropathologies and Networks.,Marcus Kaiser,,,,,,,,,,,,,,
2014,"Vestibular, Canal Testing: The Head Impulse Test.",Swee T. Aw,,,,,,,,,,,,,,
2014,Multistability in Seizure Dynamics.,Maxim Bazhenov,Giri P. Krishnan,,,,,,,,,,,,,
2014,Neuromorphic Cognition.,Giacomo Indiveri,Rodney J. Douglas,,,,,,,,,,,,,
2014,Evolutionary Algorithms.,Shaul Druckmann,,,,,,,,,,,,,,
2014,Databases and Data Repositories in Computational Neuroscience: Overview.,Richard C. Gerkin,Shreejoy J. Tripathy,Sharon M. Crook,Jeanette Kotaleski,,,,,,,,,,,
2014,Topographica.,James A. Bednar,,,,,,,,,,,,,,
2014,Peripheral Nerve Interface Applications: Vagal Nerve Stimulation.,Matthew Ward,,,,,,,,,,,,,,
2014,"Cognition, Bayesian Models of.",Adam N. Sanborn,,,,,,,,,,,,,,
2014,Long Term Depression in the Granule Cell-Purkinje Cell Synapse.,Keiko Tanaka-Yamamoto,,,,,,,,,,,,,,
2014,"Spike-Timing-Dependent Plasticity, Learning Rules.",Walter Senn,Jean-Pascal Pfister,,,,,,,,,,,,,
2014,Unitary Event Analysis.,Sonja Grün,,,,,,,,,,,,,,
2014,Motoneurons and Neuromuscular Systems: Overview.,Sharmila Venugopal,,,,,,,,,,,,,,
2014,Postinhibitory Rebound and Facilitation.,Ramana Dodla,,,,,,,,,,,,,,
2014,Large-Scale Neural Networks: Vision.,Hugh R. Wilson,,,,,,,,,,,,,,
2014,Perceptron Learning.,Joaquín J. Torres,,,,,,,,,,,,,,
2014,"AMPA Glutamate Receptor (AMPA Receptor), Conductance Models.",Patrick Roberts,,,,,,,,,,,,,,
2014,Cortical Maps: Activity-Dependent Development.,Nicholas V. Swindale,,,,,,,,,,,,,,
2014,Basal Ganglia: Songbird Models.,Arthur Leblois,Ran Darshan,,,,,,,,,,,,,
2014,Goldman-Hodgkin-Katz Equations.,David C. Sterratt,,,,,,,,,,,,,,
2014,Subthreshold Amplitude and Phase Resonance in Single Cells.,Horacio G. Rotstein,,,,,,,,,,,,,,
2014,SenseLab: Integration of Multidisciplinary Neuroscience Data.,Gordon M. Shepherd,Thomas M. Morse,Luis N. Marenco,Kei-Hoi Cheung,Ted Carnevale,Michele Migliore,Robert A. McDougal,Michael L. Hines,Perry L. Miller,,,,,,
2014,Synaptic Dynamics: Overview.,Patrick D. Roberts,,,,,,,,,,,,,,
2014,"Peripheral Nerve Signal Processing, Source Localization.",Brian Wodlinger,,,,,,,,,,,,,,
2014,Morphoelectrotonic Transform.,William R. Holmes,,,,,,,,,,,,,,
2014,Olfaction: Overview.,Christiane Linster,,,,,,,,,,,,,,
2014,Generalized Linear Models for Point Process Analyses of Neural Spiking Activity.,Zhe Chen 0001,Emery N. Brown,,,,,,,,,,,,,
2014,Proprioceptor Models.,Arthur Prochazka,,,,,,,,,,,,,,
2014,Kinetic Models of Postsynaptic Currents.,Alain Destexhe,,,,,,,,,,,,,,
2014,Hierarchical Models of the Visual System.,Thomas Serre,,,,,,,,,,,,,,
2014,Gating Current.,David C. Sterratt,,,,,,,,,,,,,,
2014,Open Source Brain.,Padraig Gleeson,Angus Silver,Matteo Cantarelli,,,,,,,,,,,,
2014,Anti-Hebbian Learning.,Yoonsuck Choe,,,,,,,,,,,,,,
2014,"Neuromorphic Technologies, Memristors.",Sylvain Saïghi,,,,,,,,,,,,,,
2014,Brian Spiking Neural Network Simulator.,Dan F. M. Goodman,Romain Brette,,,,,,,,,,,,,
2014,Neuronal Parameter Space Visualization.,Michael Schmuker,,,,,,,,,,,,,,
2014,"Anesthesia, Neural Population Models of.",D. Alistair Steyn-Ross,Moira L. Steyn-Ross,Jamie W. Sleigh,,,,,,,,,,,,
2014,Information Measures of Redundancy and Synergy in Neural Activity.,Michael C. Gastpar,,,,,,,,,,,,,,
2014,PyNN: A Python API for Neural Network Modeling.,Andrew P. Davison,,,,,,,,,,,,,,
2014,"Color Vision, Computational Methods for.",C. Alejandro Párraga,,,,,,,,,,,,,,
2014,PSICS: The Parallel Stochastic Ion Channel Simulator.,Robert Cannon,,,,,,,,,,,,,,
2014,Multistability in Perception Dynamics.,Gemma Huguet,John Rinzel,,,,,,,,,,,,,
2014,Nernst Equation.,David C. Sterratt,,,,,,,,,,,,,,
2014,Perceptual-Motor Dissociation.,Andrei Gorea,,,,,,,,,,,,,,
2014,Neural Coding of Speech Sounds.,Michael P. Kilgard,,,,,,,,,,,,,,
2014,"Collision Avoidance Models, Visually Guided.",Damián E. Oliva,,,,,,,,,,,,,,
2014,"Attentional Top-Down Modulation, Models of.",Philipp Schwedhelm,Stefan Treue,,,,,,,,,,,,,
2014,Spindle Oscillations: Models.,Alain Destexhe,,,,,,,,,,,,,,
2014,Flicker-Induced Phosphenes.,G. Bard Ermentrout,Vincent A. Billock,,,,,,,,,,,,,
2014,Bayesian Approaches in Computational Neuroscience: Overview.,Ulrik R. Beierholm,,,,,,,,,,,,,,
2014,"Prosthetic Vision, Assessment.",Lauren N. Ayton,,,,,,,,,,,,,,
2014,Slow Feature Analysis.,Laurenz Wiskott,,,,,,,,,,,,,,
2014,"Hippocampal Oscillations, Mechanisms (PING, ING, Sparse).",Marije ter Wal,Paul H. E. Tiesinga,,,,,,,,,,,,,
2014,Neuromodulation: Overview.,Christiane Linster,,,,,,,,,,,,,,
2014,Coordination Dynamics.,Gregor Schöner,Eva Nowak,,,,,,,,,,,,,
2014,"Oculomotor Control, Models of.",Adonis K. Moschovakis,,,,,,,,,,,,,,
2014,Brainstem Processing: Overview.,Robert J. Butera,Kendall Morris,,,,,,,,,,,,,
2014,Categorical Decisions.,Paul Masset,Ádám Kepecs,,,,,,,,,,,,,
2014,Corticothalamic Feedback: Large-Scale Synchrony.,Alain Destexhe,,,,,,,,,,,,,,
2014,Local Field Potential in Olfaction.,Leslie M. Kay,,,,,,,,,,,,,,
2014,"Peripheral Nerve Interface, Regenerative.",Mario I. Romero-Ortega,,,,,,,,,,,,,,
2014,Rhythm Generation in Embryonic Chick Spinal Cord.,Joël Tabak,Peter Wenner,Michael J. O'Donovan,,,,,,,,,,,,
2014,Phase-Locking Methods.,J. Matias Palva,,,,,,,,,,,,,,
2014,Visual Processing in Free Flight.,Martin Egelhaaf,,,,,,,,,,,,,,
2014,Algorithmic Reconstruction of Motoneuron Morphology.,Joseph Graham,,,,,,,,,,,,,,
2014,Statistical Analysis of Neuroimaging Data.,Tohru Ozaki,,,,,,,,,,,,,,
2014,Computational Psychiatry.,Quentin J. M. Huys,,,,,,,,,,,,,,
2014,Gravity Analysis of Parallel Spike Trains.,George L. Gerstein,,,,,,,,,,,,,,
2014,STEPS: STochastic Engine for Pathway Simulation.,Iain Hepburn,,,,,,,,,,,,,,
2014,Braided Electrodes.,Simon F. Giszter,Taegyo Kim,Almut Branner,,,,,,,,,,,,
2014,Neural Mass Action.,Robert Kozma 0001,,,,,,,,,,,,,,
2014,Neuronal Avalanches.,Woodrow Shew,,,,,,,,,,,,,,
2014,"Decision Making, Motor Planning.",Terrence R. Stanford,,,,,,,,,,,,,,
2014,Cutaneous Mechanoreceptive Afferents: Neural Coding of Texture.,Justin Lieber,,,,,,,,,,,,,,
2014,Cortex: Overview.,Lars Schwabe,,,,,,,,,,,,,,
2014,Down Under Neural Population Models.,David T. J. Liley,,,,,,,,,,,,,,
2014,"Integrate and Fire Models, Deterministic.",Nicolas Fourcaud-Trocmé,,,,,,,,,,,,,,
2014,Theta-Neuron Model.,Boris S. Gutkin,,,,,,,,,,,,,,
2014,Network Theory in Neuroscience.,David Papo,Javier M. Buldú,Stefano Boccaletti,,,,,,,,,,,,
2014,Morris-Lecar Model.,Alla Borisyuk,,,,,,,,,,,,,,
2014,Electrophysiological Indices of Speech Processing.,Sonja A. Kotz,,,,,,,,,,,,,,
2014,Context-Dependent Processing in Auditory Cortex.,Israel Nelken,,,,,,,,,,,,,,
2014,Stimulus Reconstruction from Cortical Responses.,Nima Mesgarani,,,,,,,,,,,,,,
2014,"Peripheral Nerve Interface Applications, Cochlear Implants.",Robert V. Shannon,,,,,,,,,,,,,,
2014,Auditory Sensing Systems: Overview.,Susan L. Denham,,,,,,,,,,,,,,
2014,Globus Pallidus Cellular Models.,Dieter Jaeger,,,,,,,,,,,,,,
2014,Computational Olfaction.,Christiane Linster,,,,,,,,,,,,,,
2014,Olfactory Computation and Adult Neurogenesis.,Hermann Riecke,,,,,,,,,,,,,,
2014,Brain Imaging: Overview.,Jorge J. Riera,,,,,,,,,,,,,,
2014,Calcium Waves.,Mohsin Saleet Jafri,Aman Ullah,,,,,,,,,,,,,
2014,Brain Machine Interface and Neuroimaging.,Mitsuo Kawato,,,,,,,,,,,,,,
2014,Polarization Vision.,Stanley Heinze,,,,,,,,,,,,,,
2014,Neuromechanics of Postural Control.,Lena H. Ting,Jessica L. Allen,,,,,,,,,,,,,
2014,Neuropercolation and Neural Population Models.,Robert Kozma 0001,,,,,,,,,,,,,,
2014,"Local Field Potential, Synchrony of.",Ariana Frederick,Jonathan Bourget-Murray,Richard Courtemanche,,,,,,,,,,,,
2014,"Chaos, Neural Population Models and.",Thomas R. Knösche,,,,,,,,,,,,,,
2014,Multistability of Coupled Neuronal Oscillators.,Sorinel Adrian Oprisan,,,,,,,,,,,,,,
2014,"Reconstruction, Electron Microscopy.",Huei-Fang Yang,,,,,,,,,,,,,,
2014,Vertebrate Pattern Generation: Overview.,Ilya Rybak,,,,,,,,,,,,,,
2014,"Excitability: Types I, II, and III.",Steven A. Prescott,,,,,,,,,,,,,,
2014,Slow Oscillations: Physiology.,Maria Victoria Sanchez-Vives,,,,,,,,,,,,,,
2014,Thermodynamic Models of Ion Channels.,Alain Destexhe,,,,,,,,,,,,,,
2014,Noninvasive Brain-Computer Interfaces.,Brendan Z. Allison,Dean J. Krusienski,,,,,,,,,,,,,
2014,"Visual Prosthesis, Subretinal Devices.",Eberhart Zrenner,,,,,,,,,,,,,,
2014,"Stimulus-Specific Adaptation, Models.",Robert Mill,,,,,,,,,,,,,,
2014,Failure of Averaging.,Mark S. Goldman,,,,,,,,,,,,,,
2014,Nomenclature of Ion Channels (IUPHAR Scheme).,David C. Sterratt,,,,,,,,,,,,,,
2014,Wireless Microstimulators.,David S. Freedman,Mesut Sahin,Bruce C. Towe,,,,,,,,,,,,
2014,Somatosensory Cortex: Neural Coding of Shape.,Jeffrey M. Yau,,,,,,,,,,,,,,
2014,Paraspinal Magnetic and Transcutaneous Electrical Stimulation.,Ursula S. Hofstoetter,Simon M. Danner,Karen Minassian,,,,,,,,,,,,
2014,"Ionotropic Receptors Dynamics, Conductance Models.",Matthias H. Hennig,,,,,,,,,,,,,,
2014,Human Connectome Project.,Jennifer Stine Elam,David C. Van Essen,,,,,,,,,,,,,
2014,Fokker-Planck Equation.,Nicolas Brunel,Vincent Hakim,,,,,,,,,,,,,
2014,Stimulus-Specific Information.,Michael Wehr,,,,,,,,,,,,,,
2014,Epilepsy: Computational Models.,Stephan van Gils,Wim van Drongelen,,,,,,,,,,,,,
2014,Local Field Potential Interaction with the Extracellular Medium.,Claude Bédard,Alain Destexhe,,,,,,,,,,,,,
2014,Calcium Buffering: Models of Ca 2+ Dynamics and Steady-State Approximations.,Hartmut Schmidt,,,,,,,,,,,,,,
2014,Acoustic Timbre Recognition.,Daniel Pressnitzer,Trevor R. Agus,Clara Suied,,,,,,,,,,,,
2014,Computational Modeling of Olfactory Behavior.,Christiane Linster,Thomas A. Cleland,,,,,,,,,,,,,
2014,"Calcium Pumps, Models of.",Kim T. Blackwell,,,,,,,,,,,,,,
2014,Deterministic Reaction-Diffusion Simulators.,William W. Lytton,Robert A. McDougal,,,,,,,,,,,,,
2014,"Neuromorphic Sensors, Olfaction.",Elisabetta Chicca,Michael Schmuker,Martin P. Nawrot,,,,,,,,,,,,
2014,MCell.,Thomas M. Bartol,Markus Dittrich,James R. Faeder,,,,,,,,,,,,
2014,Neural Coding.,J. Barry Richmond,,,,,,,,,,,,,,
2014,Self-Organizing Maps.,Nicholas V. Swindale,,,,,,,,,,,,,,
2014,Nitric Oxide Neuromodulation.,Michael O'Shea,Phil Husbands,Andrew Philippides,,,,,,,,,,,,
2014,Cardiac Excitable Tissue Pathology (Ischemia).,Byron N. Roberts,Colleen E. Clancy,,,,,,,,,,,,,
2014,"Gamma Rhythm, Neural Population Models of the.",Ingo Bojak,,,,,,,,,,,,,,
2014,Automated Parameter Search in Small Network Central Pattern Generators.,Tomasz G. Smolinski,,,,,,,,,,,,,,
2014,"Visual Prosthesis, Cortical Devices.",Eduardo Fernández 0001,,,,,,,,,,,,,,
2014,NDVis-Neuro.,John T. Langton,,,,,,,,,,,,,,
2014,Neuroscience Information Framework (NIF).,Maryann E. Martone,Anita E. Bandrowski,,,,,,,,,,,,,
2014,"Mechanotransduction, Models.",Sung Soo Kim,,,,,,,,,,,,,,
2014,PhysioNet.,George B. Moody,,,,,,,,,,,,,,
2014,FitzHugh-Nagumo Model.,William Erik Sherwood,,,,,,,,,,,,,,
2014,Auditory Perceptual Organization.,Susan L. Denham,István Winkler,,,,,,,,,,,,,
2014,"Visual Illusions, Models of.",Frederick A. A. Kingdom,,,,,,,,,,,,,,
2005,Substitutions and permutations.,Friedrich L. Bauer,,,,,,,,,,,,,,
2011,Vernam Cipher.,Friedrich L. Bauer,,,,,,,,,,,,,,
2011,Quadratic Residuosity Problem.,Burt Kaliski,,,,,,,,,,,,,,
2005,Chaffing and Winnowing.,Gerrit Bleumer,,,,,,,,,,,,,,
2005,Penetration Testing.,Tom Caddy,,,,,,,,,,,,,,
2011,Content-Based and View-Based Access Control.,Arnon Rosenthal,Edward Sciore,,,,,,,,,,,,,
2011,Credentials.,Gerrit Bleumer,,,,,,,,,,,,,,
2011,Access Matrix.,Sabrina De Capitani di Vimercati,,,,,,,,,,,,,,
2011,EMV.,Michael Ward,Anita Ochieano,,,,,,,,,,,,,
2005,Forgery.,Gerrit Bleumer,,,,,,,,,,,,,,
2011,SSH.,Marijke De Soete,,,,,,,,,,,,,,
2011,Interactive Argument.,Berry Schoenmakers,,,,,,,,,,,,,,
2011,Memory and State Exhaustion Denial of Service.,XiaoFeng Wang 0001,,,,,,,,,,,,,,
2011,Response.,Carlisle Adams,,,,,,,,,,,,,,
2005,Maxims.,Friedrich L. Bauer,,,,,,,,,,,,,,
2005,Triple-DES.,Christophe De Cannière,,,,,,,,,,,,,,
2005,Number Field Sieve.,Paul C. Leyland,,,,,,,,,,,,,,
2011,Sealed Storage.,Paul England,,,,,,,,,,,,,,
2011,Berlekamp-Massey Algorithm.,Anne Canteaut,,,,,,,,,,,,,,
2005,Ntru.,William Whyte,,,,,,,,,,,,,,
2011,Formal Analysis of Security APIs.,Graham Steel,,,,,,,,,,,,,,
2011,Hyperelliptic Curves.,Roberto Avanzi,Nicolas Thériault,,,,,,,,,,,,,
2005,Polynomial Time.,Burton S. Kaliski Jr.,,,,,,,,,,,,,,
2011,Secure Time Synchronization.,Kun Sun 0001,Peng Ning,,,,,,,,,,,,,
2011,Signcryption.,Yevgeniy Dodis,,,,,,,,,,,,,,
2005,RSA Digital Signature Scheme.,Burton S. Kaliski Jr.,,,,,,,,,,,,,,
2011,Physical Security.,François-Xavier Standaert,Jean-Jacques Quisquater,,,,,,,,,,,,,
2005,Oblivious Transfer.,Berry Schoenmakers,,,,,,,,,,,,,,
2011,Conceptual Design of Secure Databases.,Günther Pernul,Moritz Riesner,,,,,,,,,,,,,
2011,Needham-Schroeder Protocols.,Mike Just,,,,,,,,,,,,,,
2011,Credential-Based Access Control.,Adam J. Lee,,,,,,,,,,,,,,
2011,Temperature Attack.,David Naccache,,,,,,,,,,,,,,
2005,Privacy.,Carlisle Adams,,,,,,,,,,,,,,
2005,Resynchronization Attack.,Alex Biryukov,,,,,,,,,,,,,,
2011,Security of Cognitive Radios.,"Jung-Min ""Jerry"" Park",Kaigui Bian,,,,,,,,,,,,,
2011,FPGAs in Cryptography.,Tim Güneysu,,,,,,,,,,,,,,
2011,SYN Flood Attack.,Wesley M. Eddy,,,,,,,,,,,,,,
2005,"Trojan Horses, Computer Viruses and Worms.",Yvo Desmedt,,,,,,,,,,,,,,
2011,Multi-Threaded Implementation for Cryptography and Cryptanalysis.,Chen-Mou Cheng,,,,,,,,,,,,,,
2011,Generic Model.,David Naccache,,,,,,,,,,,,,,
2011,O-Notation.,Burt Kaliski,,,,,,,,,,,,,,
2011,Database Encryption.,Luc Bouganim,Yanli Guo,,,,,,,,,,,,,
2011,Shamir's Threshold Scheme.,G. R. Blakley,Gregory A. Kabatiansky,,,,,,,,,,,,,
2011,Vascular Patterns.,Kar-Ann Toh,Andrew Beng Jin Teoh,,,,,,,,,,,,,
2005,Feistel Cipher.,Alex Biryukov,,,,,,,,,,,,,,
2011,Dictionary Attack.,Carlisle Adams,,,,,,,,,,,,,,
2005,Blum Integer.,Burton S. Kaliski Jr.,,,,,,,,,,,,,,
2011,NFC.,Marc Vauclair,,,,,,,,,,,,,,
2011,Practical E-Cash.,Jon Callas,Daniel Nagy,Akira Otsuka,,,,,,,,,,,,
2011,Cube Attack.,Marion Videau,,,,,,,,,,,,,,
2005,Contract Signing.,Matthias Schunter,,,,,,,,,,,,,,
2011,FIPS 140-2.,Tom Caddy,,,,,,,,,,,,,,
2011,Biometrics for Identity Management and Fields of Application.,Elisabeth de Leeuw,,,,,,,,,,,,,,
2005,Digital Signature Standard.,Dan Boneh,,,,,,,,,,,,,,
2011,ISMS: A Management Framework for Information Security.,Angelika Plate,,,,,,,,,,,,,,
2005,MIPS-Year.,Burton S. Kaliski Jr.,,,,,,,,,,,,,,
2005,Field Polynomial.,Burton S. Kaliski Jr.,,,,,,,,,,,,,,
2011,Key Agreement.,Mike Just,,,,,,,,,,,,,,
2011,PKCS.,Peter Landrock,Danny De Cock,,,,,,,,,,,,,
2011,GOST.,Christophe De Cannière,,,,,,,,,,,,,,
2011,Two-Factor Authentication.,Marijke De Soete,,,,,,,,,,,,,,
2005,Authorization Policy.,Carlisle Adams,,,,,,,,,,,,,,
2011,CMAC.,Bart Preneel,,,,,,,,,,,,,,
2011,Chinese Remainder Theorem.,Henk C. A. van Tilborg,,,,,,,,,,,,,,
2011,TSS.,David Challener,,,,,,,,,,,,,,
2011,Multiplicative Knapsack Cryptosystem.,David Naccache,,,,,,,,,,,,,,
2011,Insider Threat Defense.,Salvatore J. Stolfo,Brian M. Bowen,Malek Ben Salem 0001,,,,,,,,,,,,
2011,Ring.,Burt Kaliski,,,,,,,,,,,,,,
2011,Privileges in SQL.,Sabrina De Capitani di Vimercati,Giovanni Livraga,,,,,,,,,,,,,
2011,Decisional Diffie-Hellman Problem.,Ran Canetti,Mayank Varia,,,,,,,,,,,,,
2011,Spam Detection Using Network-Level Characteristics.,Brent ByungHoon Kang,Gautam Singaraju,,,,,,,,,,,,,
2005,Perfect Forward Secrecy.,Hugo Krawczyk,,,,,,,,,,,,,,
2011,Mix Networks.,Matthew K. Franklin,,,,,,,,,,,,,,
2005,Impersonation Attack.,Carlisle Adams,,,,,,,,,,,,,,
2011,RIPEMD Family.,Antoon Bosselaers,,,,,,,,,,,,,,
2011,Secure Audit Logs.,Gerardo Pelosi,,,,,,,,,,,,,,
2005,Authorization architecture.,Carlisle Adams,,,,,,,,,,,,,,
2005,DeBruijn sequence.,Tor Helleseth,,,,,,,,,,,,,,
2011,Type Checking and Security.,Catherine Meadows 0001,,,,,,,,,,,,,,
2005,Chaum Blind Signature Scheme.,Gerrit Bleumer,,,,,,,,,,,,,,
2011,Differential Cryptanalysis.,Eli Biham,,,,,,,,,,,,,,
2011,Kerckhoffs' Principle.,Fabien A. P. Petitcolas,,,,,,,,,,,,,,
2011,Elliptic Curve Discrete Logarithm Problem.,Darrel Hankerson,Alfred Menezes,,,,,,,,,,,,,
2005,Control Vectors.,Peter Landrock,,,,,,,,,,,,,,
2011,Luby-Rackoff Ciphers.,Lars R. Knudsen,,,,,,,,,,,,,,
2011,Nonlinear Feedback Shift Register.,Caroline Fontaine,,,,,,,,,,,,,,
2005,Self-Synchronizing Stream Cipher.,Caroline Fontaine,,,,,,,,,,,,,,
2011,Sieving in Function Fields.,Emmanuel Thomé,,,,,,,,,,,,,,
2011,Multiprecision Multiplication.,Berk Sunar,,,,,,,,,,,,,,
2011,Truncated Differentials.,Alex Biryukov,,,,,,,,,,,,,,
2011,Attribute Certificate.,Marijke De Soete,,,,,,,,,,,,,,
2011,Protocol.,Berry Schoenmakers,,,,,,,,,,,,,,
2005,Tamper Resistance.,Tom Caddy,,,,,,,,,,,,,,
2005,Firewall.,Niels Provos,,,,,,,,,,,,,,
2005,Modular Root.,Scott Contini,,,,,,,,,,,,,,
2005,Skipjack.,Alex Biryukov,,,,,,,,,,,,,,
2005,Linear Complexity.,Anne Canteaut,,,,,,,,,,,,,,
2011,Unpacking Malware.,Brent ByungHoon Kang,Greg Sinclair,,,,,,,,,,,,,
2011,Dynamic Analysis.,Mihai Christodorescu,Vinod Ganapathy,,,,,,,,,,,,,
2005,Group Signatures.,Gerrit Bleumer,,,,,,,,,,,,,,
2011,Random Oracle Model.,Gerrit Bleumer,,,,,,,,,,,,,,
2005,Symmetric Cryptosystem.,Burton S. Kaliski Jr.,,,,,,,,,,,,,,
2011,Strong RSA Assumption.,Dan Boneh,,,,,,,,,,,,,,
2005,Electronic Cheque.,Peter Landrock,,,,,,,,,,,,,,
2005,RSA Public-Key Encryption.,David Pointcheval,,,,,,,,,,,,,,
2011,Communication Channel Anonymity.,Gerrit Bleumer,,,,,,,,,,,,,,
2011,Solitaire.,Bruce Schneier,,,,,,,,,,,,,,
2011,Smartcard Tamper Resistance.,Markus Kuhn 0001,,,,,,,,,,,,,,
2005,Extension Field.,Burton S. Kaliski Jr.,,,,,,,,,,,,,,
2011,Linear Cryptanalysis for Block Ciphers.,Alex Biryukov,Christophe De Cannière,,,,,,,,,,,,,
2011,HRU.,Vijay Alturi,,,,,,,,,,,,,,
2005,Diffie-Hellman Key Agreement.,Mike Just,,,,,,,,,,,,,,
2011,Multivariate Cryptography.,Louis Goubin,Jacques Patarin,Bo-Yin Yang,,,,,,,,,,,,
2011,von Neumann Correction.,David Naccache,,,,,,,,,,,,,,
2011,L Notation.,Arjen K. Lenstra,,,,,,,,,,,,,,
2011,Collision Attack.,Bart Preneel,,,,,,,,,,,,,,
2005,Clip Scheme.,Peter Landrock,,,,,,,,,,,,,,
2011,Barrett's Algorithm.,David Naccache,,,,,,,,,,,,,,
2011,Certification Authority.,Carlisle Adams,Russ Housley,Sean Turner,,,,,,,,,,,,
2011,Generic Attacks Against DLP.,Daniel M. Gordon,,,,,,,,,,,,,,
2011,Fiat-Shamir Identification Protocol and the Feige-Fiat-Shamir Signature Scheme.,Yvo Desmedt,,,,,,,,,,,,,,
2011,Microdata Masking Techniques.,Josep Domingo-Ferrer,,,,,,,,,,,,,,
2005,Authenticated encryption.,John Black,,,,,,,,,,,,,,
2005,Gap.,Tor Helleseth,,,,,,,,,,,,,,
2011,Information Flow and Noninterference.,Heiko Mantel,,,,,,,,,,,,,,
2005,Decisional Diffie-Hellman Assumption.,Ran Canetti,,,,,,,,,,,,,,
2005,Safe Prime.,Anton Stiglic,,,,,,,,,,,,,,
2011,Privacy-Aware Languages.,Claudio A. Ardagna,,,,,,,,,,,,,,
2005,Physical Attacks.,Kerstin Lemke,Christof Paar,,,,,,,,,,,,,
2011,"Common Criteria, From a Security Policies Perspective.",Paolo Salvaneschi,,,,,,,,,,,,,,
2011,Fingerprint.,Ruggero Donida Labati,Fabio Scotti,,,,,,,,,,,,,
2011,Elliptic Curves.,Darrel Hankerson,Alfred Menezes,,,,,,,,,,,,,
2011,Tamper Evidence.,Sean W. Smith,,,,,,,,,,,,,,
2011,Formal Methods and Access Control.,Michael Huth 0001,,,,,,,,,,,,,,
2011,Chinese Wall Model.,Ebru Celikel Cankaya,,,,,,,,,,,,,,
2011,Data Encryption Standard (DES).,Alex Biryukov,Christophe De Cannière,,,,,,,,,,,,,
2005,Alphabet.,Friedrich L. Bauer,,,,,,,,,,,,,,
2011,Probabilistic Primality Test.,Anton Stiglic,,,,,,,,,,,,,,
2011,Overspender Detection.,Gerrit Bleumer,,,,,,,,,,,,,,
2011,Flexible Authorization Framework (FAF).,Pierangela Samarati,,,,,,,,,,,,,,
2011,Cold-Boot Attacks.,Nadia Heninger,,,,,,,,,,,,,,
2011,Rootkits.,Padmaraj M. V. Nair,,,,,,,,,,,,,,
2005,Copy Protection.,Gerrit Bleumer,,,,,,,,,,,,,,
2005,Chosen Plaintext and Chosen Ciphertext Attack.,Alex Biryukov,,,,,,,,,,,,,,
2011,Personal Identification Number (PIN).,Carlisle Adams,,,,,,,,,,,,,,
2005,Identity Verification Protocol.,Robert J. Zuccherato,,,,,,,,,,,,,,
2011,Number Field Sieve for the DLP.,Antoine Joux,Reynald Lercier,,,,,,,,,,,,,
2005,Miller-Rabin Probabilistic Primality Test.,Moses D. Liskov,,,,,,,,,,,,,,
2005,Relatively Prime.,Burton S. Kaliski Jr.,,,,,,,,,,,,,,
2005,Electronic Cash.,Gerrit Bleumer,,,,,,,,,,,,,,
2005,Availability.,Eric Cronin,,,,,,,,,,,,,,
2011,Karatsuba Algorithm.,André Weimerskirch,,,,,,,,,,,,,,
2011,Fault Attack.,Olivier Benoît,,,,,,,,,,,,,,
2011,Vector Space.,Tanja Lange 0001,,,,,,,,,,,,,,
2005,"Product Cipher, Superencryption.",Alex Biryukov,,,,,,,,,,,,,,
2005,Overspending Prevention.,Gerrit Bleumer,,,,,,,,,,,,,,
2005,Correlation Attack for Stream Ciphers.,Anne Canteaut,,,,,,,,,,,,,,
2011,Fingerprinting.,Alexander Barg,Gregory A. Kabatiansky,,,,,,,,,,,,,
2011,Anonymous Web Browsing and Publishing.,Stefan Köpsell,,,,,,,,,,,,,,
2011,Applications of Formal Methods to Web Application Security.,V. N. Venkatakrishnan,,,,,,,,,,,,,,
2011,M-Invariance.,Xiaokui Xiao,,,,,,,,,,,,,,
2011,Least Privilege.,Sabrina De Capitani di Vimercati,,,,,,,,,,,,,,
2005,Quadratic Residuosity Problem.,Burton S. Kaliski Jr.,,,,,,,,,,,,,,
2005,Trust Models.,Sharon Boeyen,,,,,,,,,,,,,,
2005,Quantum Cryptography.,Gilles Brassard,Claude Crépeau,,,,,,,,,,,,,
2011,Electronic Cheque.,Marijke De Soete,,,,,,,,,,,,,,
2005,Kerberos Authentication Protocol.,Carlisle Adams,,,,,,,,,,,,,,
2011,Biometric Matching.,B. V. K. Vijaya Kumar,,,,,,,,,,,,,,
2011,One-Time Password.,Mohamed Omar Rayes,,,,,,,,,,,,,,
2011,Miller-Rabin Probabilistic Primality Test.,Moses D. Liskov,,,,,,,,,,,,,,
2005,Collision Attack.,Bart Preneel,,,,,,,,,,,,,,
2005,Traitor Tracing.,Benny Pinkas,,,,,,,,,,,,,,
2011,Physical Unclonable Functions (PUFs).,Jorge Guajardo,,,,,,,,,,,,,,
2011,Data Linkage.,William E. Winkler,,,,,,,,,,,,,,
2011,Fermat's Little Theorem.,Moses D. Liskov,,,,,,,,,,,,,,
2011,Group Key Agreement.,Mike Burmester,,,,,,,,,,,,,,
2011,Biometrics: Terms and Definitions.,Evangelia Micheli-Tzanakou,Konstantinos N. Plataniotis,,,,,,,,,,,,,
2011,Field.,Burt Kaliski,,,,,,,,,,,,,,
2011,Security of Wireless Mesh Networks (General Overview).,Reza Curtmola,Jing Dong 0006,Cristina Nita-Rotaru,,,,,,,,,,,,
